ProductName,Stars,Rating,CurrentPrice,ImageURL 
MSI NVIDIA RTX 3060 GAMING 12 GB GDDR6,4.9,7,₹44891,https://rukminim1.flixcart.com/image/612/612/kqpj4i80/graphics-card/a/f/4/geforce-rtx-3060-ti-gaming-x-12g-192-bit-l-pci-express-gen-4-original-imag4nyryterka6t.jpeg?q=70
Colorful NVIDIA Mainstream 4 GB DDR3,0,0,₹6399,https://rukminim1.flixcart.com/image/612/612/l37mtu80/graphics-card/r/t/q/mainstream-colorful-original-imagedphkgwvx9fy.jpeg?q=70
MSI AMD/ATI Radeon RX 6500 XT MECH 2X 4G OC 4 GB GDDR6 ...,4.3,24,₹19880,https://rukminim1.flixcart.com/image/612/612/kz4gh3k0/graphics-card/j/m/a/radeon-rx-6500-xt-mech-2x-4g-oc-msi-original-imagb7fhhhyadz9h.jpeg?q=70
ASUS NVIDIA GeForce GT 730 2 GB GDDR5,4.5,118,₹4699,https://rukminim1.flixcart.com/image/612/612/ks99aq80/graphics-card/p/9/g/geforce-gt-730-asus-original-imag5v72yeytvtjn.jpeg?q=70
MSI NVIDIA GeForce GTX 1050 Ti 4GT OCV1 4 GB GDDR5,0,0,₹21189,https://rukminim1.flixcart.com/image/612/612/k687wy80/graphics-card/4/g/j/msi-1050-ti-4gt-ocv1-original-imafhqq2uatgku98.jpeg?q=70
GALAX NVIDIA GEFORCE GT 730 4GB DDR3 4 GB GDDR3,4.1,110,₹6499,https://rukminim1.flixcart.com/image/612/612/jyrl4sw0/graphics-card/d/3/k/galax-geforce-gt-730-4gb-ddr3-original-imafgwgg2m2z8fzq.jpeg?q=70
MSI NVIDIA GeForce RTX 3050 GAMING X 8G 8 GB GDDR6,0,0,₹37837,https://rukminim1.flixcart.com/image/612/612/l1xwqkw0/graphics-card/p/s/d/geforce-rtx-3050-gaming-x-8g-msi-original-imagdefzefxhmkfu.jpeg?q=70
Inno3D NVIDIA GEFORCE RTX 3060 TWIN X2 12 GB GDDR6,4.3,6,₹48431,https://rukminim1.flixcart.com/image/612/612/l1whaq80/graphics-card/f/m/k/geforce-rtx-3060-twin-x2-inno-3d-original-imagdd66zb6c9gtd.jpeg?q=70
Colorful NVIDIA GTX 1650 NB 4GD6-V GDDR6 6 GB GDDR6,0,0,₹22999,https://rukminim1.flixcart.com/image/612/612/l12h1u80/graphics-card/s/c/t/gtx-1650-nb-4gd6-v-gddr6-colorful-original-imagcpuwervcakxn.jpeg?q=70
MSI NVIDIA RTX 3060 Ti 8 GB GDDR6,0,0,₹70543,https://rukminim1.flixcart.com/image/612/612/kqpj4i80/graphics-card/d/q/0/geforce-rtx-3060-ti-ventus-2x-ocv1-256-bit-l-pci-express-gen-4-original-imag4nyuytsgawk8.jpeg?q=70
GIGABYTE AMD/ATI GV-R66XTEAGLE-8GD 8 GB GDDR6,0,0,₹49347,https://rukminim1.flixcart.com/image/612/612/l0h1g280/graphics-card/l/m/1/gv-r66xteagle-8gd-gigabyte-original-imagc9y7zb5cjy9x.jpeg?q=70
ASUS NVIDIA GT 730 2GB GDDR5 Low Profile,4.2,6,₹4699,https://rukminim1.flixcart.com/image/612/612/kziqvm80/graphics-card/w/4/5/gt-730-2gb-gddr5-low-profile-graphics-card-gt730-sl-2gd5-brk-e-original-imagbgaydzphjzzw.jpeg?q=70
Inno3D NVIDIA GTX 1050 Ti 4 GB GDDR5,4.4,5,₹19170,https://rukminim1.flixcart.com/image/612/612/jezzukw0/graphics-card/4/7/g/inno3d-gtx-1050-ti-twin-x2-original-imaf3aahmdxhe7yw.jpeg?q=70
Inno3D NVIDIA GEFORCE RTX 3060 Twin X2 OC 12 GB GDDR6 G...,3.3,3,₹42326,https://rukminim1.flixcart.com/image/612/612/l0lbrm80/graphics-card/d/0/m/geforce-rtx-3060-twin-x2-oc-inno3d-original-imagcbxq9venacjm.jpeg?q=70
ZEBRONICS NVIDIA ZEB-GT610 2 GB DDR3,3.9,28,₹3499,https://rukminim1.flixcart.com/image/612/612/kz5vwy80/graphics-card/e/e/o/zeb-gt610-zebronics-original-imagb8f7rrrnwdsk.jpeg?q=70
ZOTAC NVIDIA GAMING GeForce GTX 1660 SUPER Twin Fan 6 G...,4.7,27,₹29999,https://rukminim1.flixcart.com/image/612/612/kah413k0/graphics-card/z/x/y/zotac-geforce-gtx-1660-super-twin-fan-original-imafsfmgxqr7h2hx.jpeg?q=70
Gamers Choice NVIDIA Geforce GT610-2D3 2 GB DDR3,4,22,₹3199,https://rukminim1.flixcart.com/image/612/612/kzhbfrk0/graphics-card/w/k/p/geforce-gt610-2d3-gamers-choice-original-imagbhfecmafsdwj.jpeg?q=70
Inno3D NVIDIA GeForce GTX1050 TI 4 GB GDDR5,5,3,₹20810,https://rukminim1.flixcart.com/image/612/612/ktn9pjk0/graphics-card/b/1/n/n105t-1ddv-m5cm-nvidia-original-imag6y32jkxnebsp.jpeg?q=70
Colorful NVIDIA Mainstream 4 GB DDR5,0,0,₹18599,https://rukminim1.flixcart.com/image/612/612/l37mtu80/graphics-card/o/m/c/mainstream-colorful-original-imagedphztj2ssvw.jpeg?q=70
CONSISTENT NVIDIA Geforce GT 610 2 GB DDR3,4.7,3,₹3399,https://rukminim1.flixcart.com/image/612/612/l13whow0/graphics-card/m/w/q/ctg2101gd3-consistent-original-imagcqyptfjctvrb.jpeg?q=70
Microware NVIDIA New PCIE Riser Card VER011 011 Pro GPU...,0,0,₹719,https://rukminim1.flixcart.com/image/612/612/kz4gh3k0/graphics-card/n/x/m/riser-card-v011-pro-pci-e-1x-to-16x-riser-card-for-bit-coin-tobo-original-imagb7gx2y7hywzm.jpeg?q=70
MSI AMD/ATI Radeon RX 6600 MECH 2X 8G 8 GB GDDR6,3.3,3,₹35272,https://rukminim1.flixcart.com/image/612/612/kz4gh3k0/graphics-card/b/t/e/radeon-rx-6600-mech-2x-8g-msi-original-imagb7fz7v5gecbg.jpeg?q=70
MSI NVIDIA GeForce RTX 3080 VENTUS 3X PLUS 10G OC LHR 1...,0,0,₹81579,https://rukminim1.flixcart.com/image/612/612/l0pm3680/graphics-card/y/q/t/geforce-rtx-3080-ventus-3x-plus-10g-oc-lhr-msi-original-imagcfsj6yzs5zew.jpeg?q=70
Inno3D NVIDIA GEFORCE RTX 3080 X3 OC LHR 10 GB GDDR6X G...,4.7,3,₹101403,https://rukminim1.flixcart.com/image/612/612/l0lbrm80/graphics-card/e/a/q/geforce-rtx-3080-x3-oc-lhr-inno3d-original-imagcbrm7jnm8hzu.jpeg?q=70
GALAX NVIDIA NVIDIA GEFORCE GT 710 2GB GDDR3,0,0,₹4498,https://rukminim1.flixcart.com/image/612/612/kvr01ow0/graphics-card/d/u/r/nvidia-geforce-gt-710-2gb-gddr3-graphics-card-black-galax-original-imag8ksghr5gmdjf.jpeg?q=70
Gamers Choice NVIDIA Geforce (GC-GT730-4D3) 4 GB DDR3 G...,4,3,₹5999,https://rukminim1.flixcart.com/image/612/612/kzogn0w0/graphics-card/z/u/7/geforce-gc-gt730-4d5-gamers-chioce-original-imagbmraw8pzmktr.jpeg?q=70
ZOTAC NVIDIA RTX 3050 Twin Edge OC 8 GB GDDR6,0,0,₹35000,https://rukminim1.flixcart.com/image/612/612/kz1lle80/graphics-card/n/n/g/rtx-3050-twin-edge-oc-zotac-original-imagb4fz5nrh3z3p.jpeg?q=70
MSI NVIDIA GeForce RTX 3050 VENTUS 2X 8G OC 8 GB GDDR6 ...,0,0,₹50005,https://rukminim1.flixcart.com/image/612/612/kz4gh3k0/graphics-card/a/z/0/geforce-rtx-3050-ventus-2x-8g-oc-msi-original-imagb7fzmnht3grc.jpeg?q=70
Colorful NVIDIA iGame Ultra 8 GB GDDR6,0,0,₹38499,https://rukminim1.flixcart.com/image/612/612/l37mtu80/graphics-card/l/c/m/igame-ultra-colorful-original-imagedpf7nsztmh6.jpeg?q=70
MSI NVIDIA GeForce RTX 3090 GAMING X TRIO 24G 24 GB GDD...,0,0,₹187261,https://rukminim1.flixcart.com/image/612/612/l0pm3680/graphics-card/j/g/5/geforce-rtx-3090-gaming-x-trio-24g-msi-original-imagcfsjbdamqqye.jpeg?q=70
ZEBRONICS NVIDIA GT730 4 GB DDR3,3.7,6,₹8000,https://rukminim1.flixcart.com/image/612/612/kwdv3bk0/graphics-card/d/z/0/gt730-zebronics-original-imag92vdy6exeamu.jpeg?q=70
MSI NVIDIA GeForce GT 730 4GB DDR3 OCV1 GRAPHIC CARD 4 ...,0,0,₹8499,https://rukminim1.flixcart.com/image/612/612/kziqvm80/graphics-card/a/r/d/geforce-gt-730-4gb-ddr3-ocv1-graphic-card-msi-original-imagbgbfaxnkk5g4.jpeg?q=70
MSI NVIDIA RTX 3070 GAMING 8 GB GDDR6,0,0,₹80214,https://rukminim1.flixcart.com/image/612/612/kqpj4i80/graphics-card/s/w/y/geforce-rtx-3070-gaming-z-trio-256-bit-l-pci-express-gen-4-8gb-original-imag4nyxgbjn2jyt.jpeg?q=70
MSI AMD/ATI Radeon RX 6600 ARMOR 8G 8 GB GDDR6,5,3,₹41621,https://rukminim1.flixcart.com/image/612/612/kz4gh3k0/graphics-card/j/g/g/radeon-rx-6600-armor-8g-msi-original-imagb7fzzzpgwjav.jpeg?q=70
Colorful NVIDIA Battle AX 4 GB GDDR6,0,0,₹22449,https://rukminim1.flixcart.com/image/612/612/l37mtu80/graphics-card/o/n/l/battle-ax-colorful-original-imagedphrvgkuyv2.jpeg?q=70
MSI AMD/ATI Radeon RX 6800 XT GAMING Z TRIO 16G 16 GB G...,0,0,₹96196,https://rukminim1.flixcart.com/image/612/612/kz4gh3k0/graphics-card/f/7/2/radeon-rx-6800-xt-gaming-z-trio-16g-msi-original-imagb7fzw8myswbz.jpeg?q=70
ZOTAC NVIDIA GeForce GT 1030 2 GB DDR5,4.4,365,₹8989,https://rukminim1.flixcart.com/image/612/612/ji6b2q80/graphics-card/d/t/p/zotac-geoforce-gt-1030-2gb-64-bit-ddr5-original-imaf5z44asuf5pzm.jpeg?q=70
GIGABYTE AMD/ATI GV-R65XTGAMING OC-4GD 4 GB GDDR6,0,0,₹26589,https://rukminim1.flixcart.com/image/612/612/l0h1g280/graphics-card/m/d/f/gv-r65xtgaming-oc-4gd-gigabyte-original-imagc9y7mfdwjk2d.jpeg?q=70
MSI AMD/ATI Radeon RX 6600 XT MECH 2X 8G OCV1 8 GB GDDR...,3.7,3,₹50663,https://rukminim1.flixcart.com/image/612/612/kz4gh3k0/graphics-card/o/b/1/radeon-rx-6600-xt-mech-2x-8g-ocv1-msi-original-imagb7fnm8hjtdzf.jpeg?q=70
MSI NVIDIA GeForce GTX 1650 D6 VENTUS XS OC 4 GB GDDR6X...,0,0,₹23600,https://rukminim1.flixcart.com/image/612/612/kz4gh3k0/graphics-card/w/u/l/geforce-gtx-1650-d6-ventus-xs-oc-msi-original-imagb7fzbngcsggz.jpeg?q=70
Inno3D NVIDIA GEFORCE RTX 3070 Ti iChill X4 8 GB GDDR6X...,0,0,₹76957,https://rukminim1.flixcart.com/image/612/612/l0lbrm80/graphics-card/q/a/m/geforce-rtx-3070-ti-ichill-x4-inno3d-original-imagcbrbhrskx7rp.jpeg?q=70
GIGABYTE AMD/ATI GV-R66EAGLE-8GD 8 GB GDDR6,0,0,₹42215,https://rukminim1.flixcart.com/image/612/612/l0h1g280/graphics-card/2/j/7/gv-r66eagle-8gd-gigabyte-original-imagc9y7vmncjb5a.jpeg?q=70
ZOTAC NVIDIA RTX 3060 Twin Edge OC 12 GB GDDR6,3.3,3,₹61296,https://rukminim1.flixcart.com/image/612/612/kwtkxow0/graphics-card/v/q/a/rtx-3060-twin-edge-oc-zotac-original-imag9ez5dw7ggvju.jpeg?q=70
Inno3D NVIDIA GEFORCE RTX 3090 X3 24 GB GDDR6X,0,0,₹189185,https://rukminim1.flixcart.com/image/612/612/l0lbrm80/graphics-card/p/4/d/geforce-rtx-3090-x3-inno3d-original-imagcbrcafyfuzng.jpeg?q=70
Colorful NVIDIA Battle AX 6 GB GDDR6,0,0,₹38499,https://rukminim1.flixcart.com/image/612/612/l37mtu80/graphics-card/i/q/o/battle-ax-colorful-original-imagedpffqkynfdv.jpeg?q=70
ZOTAC NVIDIA RTX 3080 Ti AMP Holo 12 GB GDDR6X,0,0,₹170000,https://rukminim1.flixcart.com/image/612/612/kwpam4w0/graphics-card/r/6/x/rtx-3080-ti-amp-holo-zotac-original-imag9bgzrsr6pnxe.jpeg?q=70
GIGABYTE NVIDIA NVIDIA GeForce GT 730 2 GB DDR3,0,0,₹7999,https://rukminim1.flixcart.com/image/612/612/kvr01ow0/graphics-card/8/v/0/nvidia-geforce-gt-730-2-gb-ddr3-graphics-card-gigabyte-original-imag8kp4bwfmpsvh.jpeg?q=70
MSI AMD/ATI Radeon RX 6600 ARMOR 8G 8 GB GDDR6,5,3,₹41621,https://rukminim1.flixcart.com/image/612/612/kz4gh3k0/graphics-card/j/g/g/radeon-rx-6600-armor-8g-msi-original-imagb7fzzzpgwjav.jpeg?q=70
MSI NVIDIA GeForce GTX 1650 D6 VENTUS XS OC 4 GB GDDR6X...,0,0,₹23600,https://rukminim1.flixcart.com/image/612/612/kz4gh3k0/graphics-card/w/u/l/geforce-gtx-1650-d6-ventus-xs-oc-msi-original-imagb7fzbngcsggz.jpeg?q=70
Colorful NVIDIA Mainstream 4 GB DDR5,0,0,₹18599,https://rukminim1.flixcart.com/image/612/612/l37mtu80/graphics-card/o/m/c/mainstream-colorful-original-imagedphztj2ssvw.jpeg?q=70
MSI NVIDIA GeForce RTX 3080 Ti GAMING X TRIO 12G 12 GB ...,0,0,₹134674,https://rukminim1.flixcart.com/image/612/612/kz4gh3k0/graphics-card/u/l/x/geforce-rtx-3080-ti-gaming-x-trio-12g-msi-original-imagb7fmxgbhzggf.jpeg?q=70
MSI AMD/ATI Radeon RX 6700 XT MECH 2X 12G OC 12 GB GDDR...,0,0,₹66696,https://rukminim1.flixcart.com/image/612/612/kz4gh3k0/graphics-card/7/7/5/radeon-rx-6700-xt-mech-2x-12g-oc-msi-original-imagb7fnpmcfjhbr.jpeg?q=70
ASUS NVIDIA DUAL-RTX3060-O12G 12 GB GDDR6,0,0,₹86999,https://rukminim1.flixcart.com/image/612/612/l1ch4sw0/graphics-card/p/r/z/dual-rtx3060-o12g-asus-original-imagcxfrmwbuytyq.jpeg?q=70
Inno3D NVIDIA GEFORCE RTX 2060 Twin X2 6 GB GDDR6,4.8,6,₹40864,https://rukminim1.flixcart.com/image/612/612/l0lbrm80/graphics-card/u/v/m/geforce-rtx-2060-twin-x2-inno3d-original-imagcbrceezhrbkz.jpeg?q=70
Inno3D NVIDIA GEFORCE RTX 3080 iChill X4 LHR 10 GB GDDR...,0,0,₹97478,https://rukminim1.flixcart.com/image/612/612/l0lbrm80/graphics-card/s/q/p/geforce-rtx-3080-ichill-x4-lhr-inno3d-original-imagcbragw4vh6he.jpeg?q=70
ASUS NVIDIA ROG XG Mobile GC31S-022 GeForce RTX 3080 16...,0,0,₹122657,https://rukminim1.flixcart.com/image/612/612/kpvivm80/graphics-card/i/7/h/gc31s-022-asus-original-imag4yavvp9ptzgs.jpeg?q=70
MSI NVIDIA GeForce RTX 3070 Ti VENTUS 3X 8G OC 8 GB GDD...,0,0,₹77356,https://rukminim1.flixcart.com/image/612/612/l1xwqkw0/graphics-card/8/a/d/geforce-rtx-3070-ti-ventus-3x-8g-oc-msi-original-imagdefzdn56xgzn.jpeg?q=70
GIGABYTE AMD/ATI GV-R66XTEAGLE-8GD 8 GB GDDR6,0,0,₹49347,https://rukminim1.flixcart.com/image/612/612/l0h1g280/graphics-card/l/m/1/gv-r66xteagle-8gd-gigabyte-original-imagc9y7zb5cjy9x.jpeg?q=70
amd AMD/ATI Sapphire PULSE Radeon™ RX 6600 XT,0,0,₹52899,https://rukminim1.flixcart.com/image/612/612/l0vbukw0/graphics-card/s/r/c/sapphire-pulse-radeon-rx-6600-xt-graphic-card-with-8-gb-gddr6-original-imagckhghgfs5kmp.jpeg?q=70
Colorful NVIDIA GEFORCE GTX 1660 super 6 GB GDDR6,0,0,₹35490,https://rukminim1.flixcart.com/image/612/612/l1v1uvk0/graphics-card/1/1/u/geforce-gtx-colorful-original-imagdc32ba6khcck.jpeg?q=70
CONSISTENT NVIDIA Geforce GT 610 2 GB DDR3,4.7,3,₹3399,https://rukminim1.flixcart.com/image/612/612/l13whow0/graphics-card/m/w/q/ctg2101gd3-consistent-original-imagcqyptfjctvrb.jpeg?q=70
amd AMD/ATI Sapphire NITRO+ Radeon™ RX 6600 XT,0,0,₹47319,https://rukminim1.flixcart.com/image/612/612/l0vbukw0/graphics-card/t/x/2/sapphire-nitro-radeon-rx-6600-xt-graphic-card-with-8-gb-gddr6-original-imagckhjrephfzmz.jpeg?q=70
MSI NVIDIA GeForce RTX 3080 VENTUS 3X PLUS 12G OC LHR 1...,0,0,₹109022,https://rukminim1.flixcart.com/image/612/612/kz4gh3k0/graphics-card/a/5/l/geforce-rtx-3080-ventus-3x-plus-12g-oc-lhr-msi-original-imagb7fz7tvfdpju.jpeg?q=70
ZOTAC NVIDIA RTX 3060 Ti Twin Edge OC LHR 8 GB GDDR6,0,0,₹73333,https://rukminim1.flixcart.com/image/612/612/kwtkxow0/graphics-card/u/2/h/rtx-3060-ti-twin-edge-oc-lhr-zotac-original-imag9ez5qgsrzgcp.jpeg?q=70
MSI AMD/ATI Radeon RX 6800 GAMING X TRIO 16G 16 GB GDDR...,0,0,₹101326,https://rukminim1.flixcart.com/image/612/612/kkoc70w0/graphics-card/6/f/w/radeon-rx-6800-gaming-x-trio-16g-msi-geforce-original-imafzypxmbmnsfxs.jpeg?q=70
MSI NVIDIA GeForce RTX 3080 Ti VENTUS 3X 12G OC 12 GB G...,0,0,₹137239,https://rukminim1.flixcart.com/image/612/612/kql8sy80/graphics-card/t/w/q/geforce-rtx-3080-ti-ventus-3x-12g-oc-384-bit-l-pci-express-gen-4-original-imag4kjhwbhuxybe.jpeg?q=70
Inno3D NVIDIA RTX 3090 TI 24GB X3 OC 24 GB GDDR6X,0,0,₹202011,https://rukminim1.flixcart.com/image/612/612/l1l1rww0/graphics-card/v/x/4/rtx-3090-ti-24gb-x3-oc-inno3d-original-imagd498hzgbjk7g.jpeg?q=70
MSI NVIDIA GeForce RTX 3060 VENTUS 2X 12G OC 12GB GDDR6...,0,0,₹42326,https://rukminim1.flixcart.com/image/612/612/l3bx5e80/graphics-card/h/i/w/geforce-rtx-3060-ventus-2x-12g-oc-12gb-gddr6-192-bit-msi-original-imageh5fuag43pr6.jpeg?q=70
GALAX NVIDIA NVIDIA GEFORCE GT 710 2GB GDDR3,0,0,₹4498,https://rukminim1.flixcart.com/image/612/612/kvr01ow0/graphics-card/d/u/r/nvidia-geforce-gt-710-2gb-gddr3-graphics-card-black-galax-original-imag8ksghr5gmdjf.jpeg?q=70
Inno3D NVIDIA GEFORCE RTX 3080 Ti X3 12 GB GDDR6X,0,0,₹115435,https://rukminim1.flixcart.com/image/612/612/l0lbrm80/graphics-card/u/d/8/geforce-rtx-3080-ti-x3-inno3d-original-imagcbraxw9v7aba.jpeg?q=70
Colorful NVIDIA G-I3060TIUL WOCLHR 8 GB GDDR6,0,0,₹75900,https://rukminim1.flixcart.com/image/612/612/l1ch4sw0/graphics-card/l/g/l/g-i3060tiul-woclhr-colorful-original-imagcxcthasgdx4d.jpeg?q=70
Colorful NVIDIA GeForce GT710-2GD3-V 2 GB GDDR3,3.9,54,₹4999,https://rukminim1.flixcart.com/image/612/612/kit6hzk0-0/graphics-card/s/y/f/geforce-gt710-2gd3-v-colorful-original-imafygrqm3tggkf6.jpeg?q=70
Colorful NVIDIA RTX3060 NB DUO 12G L-V 12 GB GDDR6,0,0,₹52490,https://rukminim1.flixcart.com/image/612/612/l1ch4sw0/graphics-card/3/l/7/rtx3060-nb-duo-12g-l-v-colorful-original-imagcxchtarwhyyj.jpeg?q=70
GIGABYTE NVIDIA GV-N1030D4-2GL GeForce GT 1030 Low Prof...,0,0,₹10499,https://rukminim1.flixcart.com/image/612/612/kvr01ow0/graphics-card/s/m/q/gv-n1030d4-2gl-geforce-gt-1030-low-profile-d4-2g-computer-original-imag8kpk7b9jcvgc.jpeg?q=70
Microware NVIDIA New PCIE Riser Card VER011 011 Pro GPU...,0,0,₹719,https://rukminim1.flixcart.com/image/612/612/kz4gh3k0/graphics-card/n/x/m/riser-card-v011-pro-pci-e-1x-to-16x-riser-card-for-bit-coin-tobo-original-imagb7gx2y7hywzm.jpeg?q=70
AARVEX NVIDIA GT610-2GB DDR3 2 GB DDR3,0,0,₹4399,https://rukminim1.flixcart.com/image/612/612/kuyf8nk0/graphics-card/j/d/h/gt610-2gb-ddr3-aarvex-original-imag7yqzkuvaszmb.jpeg?q=70
MSI NVIDIA RTX 3070 GAMING 8 GB GDDR6,0,0,₹80214,https://rukminim1.flixcart.com/image/612/612/kqpj4i80/graphics-card/s/w/y/geforce-rtx-3070-gaming-z-trio-256-bit-l-pci-express-gen-4-8gb-original-imag4nyxgbjn2jyt.jpeg?q=70
MSI NVIDIA GeForce RTX 3090 GAMING X TRIO 24G 24 GB GDD...,0,0,₹187261,https://rukminim1.flixcart.com/image/612/612/l0pm3680/graphics-card/j/g/5/geforce-rtx-3090-gaming-x-trio-24g-msi-original-imagcfsjbdamqqye.jpeg?q=70
Colorful NVIDIA iGame Ultra 8 GB GDDR6,0,0,₹66699,https://rukminim1.flixcart.com/image/612/612/l37mtu80/graphics-card/t/e/g/igame-ultra-colorful-original-imagedpfuhtqzgww.jpeg?q=70
Inno3D NVIDIA GEFORCE RTX 3080 iChill X4 LHR 12 GB GDDR...,0,0,₹125054,https://rukminim1.flixcart.com/image/612/612/l0lbrm80/graphics-card/s/q/p/geforce-rtx-3080-ichill-x4-lhr-inno3d-original-imagcbragw4vh6he.jpeg?q=70
Colorful NVIDIA RTX3070tTi 8 GB GDDR6X,0,0,₹74999,https://rukminim1.flixcart.com/image/612/612/l1tmf0w0/graphics-card/r/o/a/rtx3070tti-colorful-original-imagdb2wtyyk5mqq.jpeg?q=70
MSI NVIDIA GeForce GT 730 2GB DDR3 LPV1 GRAPHIC CARD (B...,0,0,₹5999,https://rukminim1.flixcart.com/image/612/612/kziqvm80/graphics-card/w/t/z/geforce-gt-730-2gb-ddr3-lpv1-graphic-card-black-msi-original-imagbgbbvg46fe38.jpeg?q=70
Verilux NVIDIA 2 Pack Pi+ VER009S Gold PCI-E 6Pin 1X to...,0,0,₹1235,https://rukminim1.flixcart.com/image/612/612/kw104nk0/graphics-card/w/o/s/2-pack-pi-ver009s-gold-pci-e-6pin-1x-to-16x-powered-pcie-riser-original-imag8smzdazumjbh.jpeg?q=70
Inno3D NVIDIA 3090 x4 4 GB GDDR6X,0,0,₹298900,https://rukminim1.flixcart.com/image/612/612/klqx30w0/graphics-card/y/8/k/rtx-3090-inno3d-original-imagytf5svszccgr.jpeg?q=70
ASUS NVIDIA GeForce Pascal GT 1030 2GB GDDR5 64bit,3,7,₹10499,https://rukminim1.flixcart.com/image/612/612/kq18n0w0/graphics-card/t/r/y/geforce-pascal-gt-1030-2gb-gddr5-64bit-graphics-card-for-silent-original-imag44xsud5vaprc.jpeg?q=70
amd AMD/ATI RX 6700 XT 12 GB GDDR6,0,0,₹61179,https://rukminim1.flixcart.com/image/612/612/l3dcl8w0/graphics-card/m/r/f/rx-6700-xt-amd-original-imagegbknsfzdcd6.jpeg?q=70
GIGABYTE AMD/ATI GV-R67XTGAMING OC-12GD 12 GB GDDR6,0,0,₹80461,https://rukminim1.flixcart.com/image/612/612/l0h1g280/graphics-card/b/j/e/gv-r67xtgaming-oc-12gd-gigabyte-original-imagc9y7hctyjzbj.jpeg?q=70
Gamers Choice NVIDIA Geforce (GC-GT730-4D3) 4 GB DDR3 G...,4,3,₹5999,https://rukminim1.flixcart.com/image/612/612/kzogn0w0/graphics-card/z/u/7/geforce-gc-gt730-4d5-gamers-chioce-original-imagbmraw8pzmktr.jpeg?q=70
GIGABYTE NVIDIA ?GV-N3070GAMING OC-8GD 8 GB GDDR6,0,0,₹159800,https://rukminim1.flixcart.com/image/612/612/kq43iq80/graphics-card/m/o/z/gv-n3090gaming-oc-24gd-gigabyte-original-imag474njeh2zuph.jpeg?q=70
Colorful NVIDIA Battle AX 12 GB GDDR6X,0,0,₹134599,https://rukminim1.flixcart.com/image/612/612/l37mtu80/graphics-card/k/9/r/battle-ax-colorful-original-imagedpfkt5a6kzz.jpeg?q=70
MSI NVIDIA RTX 3090 VENTUS 24 GB GDDR6X,0,0,₹182772,https://rukminim1.flixcart.com/image/612/612/l0lbrm80/graphics-card/5/g/x/rtx-3090-ventus-msi-original-imagccn2kczfe2cb.jpeg?q=70
GIGABYTE AMD/ATI GV-R69XTAORUS M-16GD 16 GB GDDR6,0,0,₹160647,https://rukminim1.flixcart.com/image/612/612/l0h1g280/graphics-card/n/f/x/gv-r69xtaorus-m-16gd-gigabyte-original-imagc9y8tegm7fha.jpeg?q=70
VIBOTON NVIDIA NVIDIA VER 009S PCI-E Riser 1X to 16X,0,0,₹616,https://rukminim1.flixcart.com/image/612/612/kyag87k0/graphics-card/z/d/h/nvidia-ver-009s-pci-e-riser-1x-to-16x-graphics-extension-for-gpu-original-imagak4xzbjzhsg3.jpeg?q=70
Colorful NVIDIA iGame Ultra 8 GB GDDR6,0,0,₹38499,https://rukminim1.flixcart.com/image/612/612/l37mtu80/graphics-card/l/c/m/igame-ultra-colorful-original-imagedpf7nsztmh6.jpeg?q=70
Etzin NVIDIA 6 in 1 PCI-E Riser Adapter Board 1 to 6 PC...,0,0,₹3799,https://rukminim1.flixcart.com/image/612/612/l23mhzk0/graphics-card/f/x/g/6-in-1-pci-e-riser-adapter-board-1-to-6-pci-e-1x-express-usb3-0-original-imagdgjvjqw4r3gn.jpeg?q=70
amd AMD/ATI Sapphire NITRO+ Radeon™ RX 6800,0,0,₹117249,https://rukminim1.flixcart.com/image/612/612/l0vbukw0/graphics-card/e/k/0/sapphire-nitro-radeon-rx-6800-graphic-card-with-16-gb-gddr6-rdna-original-imagckhgtzjfgczd.jpeg?q=70
ZEBRONICS NVIDIA ZEB GT730 4 GB GDDR3,0,0,₹7500,https://rukminim1.flixcart.com/image/612/612/l0zm64w0/graphics-card/o/n/h/zeb-gt730-zebronics-original-imagcnhhhdjhaevq.jpeg?q=70
ogheo AMD/ATI RX580 8 GB GDDR5,0,0,₹54998,https://rukminim1.flixcart.com/image/612/612/kylvr0w0/graphics-card/e/r/y/rx580-ogheo-original-imagat69jnhgaesh.jpeg?q=70
Verilux NVIDIA NVME Adapter PCIe x16 with Gel Pad, M.2 ...,4.3,3,₹720,https://rukminim1.flixcart.com/image/612/612/kwb07m80/graphics-card/s/o/b/nvme-adapter-pcie-x16-with-gel-pad-m-2-nvme-or-ahci-ssd-to-pcie-original-imag9y7gf8gqzz47.jpeg?q=70
GIGABYTE AMD/ATI GV-R69XTGAMING OC-16GD 16 GB GDDR6,0,0,₹152834,https://rukminim1.flixcart.com/image/612/612/l0h1g280/graphics-card/i/m/j/gv-r69xtgaming-oc-16gd-gigabyte-original-imagc9y85mjxq5gg.jpeg?q=70
MSI NVIDIA GeForce RTX 3070 VENTUS 3X 8G OC LHR 8 GB GD...,0,0,₹62207,https://rukminim1.flixcart.com/image/612/612/l3bx5e80/graphics-card/d/g/m/geforce-rtx-3070-ventus-3x-8g-oc-lhr-msi-original-imageh5fyjewgfpv.jpeg?q=70
Inno3D NVIDIA GEFORCE RTX 3080 Ti iChill X3 12 GB GDDR6...,0,0,₹143652,https://rukminim1.flixcart.com/image/612/612/l0lbrm80/graphics-card/k/h/n/geforce-rtx-3080-ti-ichill-x3-inno3d-original-imagcbr97kpggguv.jpeg?q=70
Tobo AMD/ATI Riser Card V011-PRO, PCI-E 1X to 16X Riser...,0,0,₹999,https://rukminim1.flixcart.com/image/612/612/kz4gh3k0/graphics-card/k/7/v/riser-card-v011-pro-pci-e-1x-to-16x-riser-card-for-bit-coin-tobo-original-imagb7gxgcvzh9zn.jpeg?q=70
MSI NVIDIA GeForce RTX 3070 VENTUS 3X PLUS 8G OC LHR 8G...,0,0,₹62207,https://rukminim1.flixcart.com/image/612/612/l3bx5e80/graphics-card/g/r/j/geforce-rtx-3070-ventus-3x-plus-8g-oc-lhr-8gb-gddr6-256-bit-msi-original-imageh5fsypchuap.jpeg?q=70
LipiWorld NVIDIA VER011-PRO Riser Card 10 Capacitors PC...,5,1,₹759,https://rukminim1.flixcart.com/image/612/612/kyag87k0/graphics-card/9/0/i/nvidia-pci-e-riser-card-ver011-pro-10-capacitors-for-bit-coin-original-imagak4pgfs3wfhf.jpeg?q=70
GIGABYTE AMD/ATI GV-R68XTGAMING OC-16GD 16 GB GDDR6,0,0,₹111423,https://rukminim1.flixcart.com/image/612/612/l0h1g280/graphics-card/z/e/d/gv-r68xtgaming-oc-16gd-gigabyte-original-imagc9y8fpquaqjs.jpeg?q=70
Inno3D NVIDIA GEFORCE RTX 3070 Ti X3 OC 8 GB GDDR6X,0,0,₹83370,https://rukminim1.flixcart.com/image/612/612/l0lbrm80/graphics-card/2/k/j/geforce-rtx-3070-ti-x3-oc-inno3d-original-imagcbr9eqwhm8mx.jpeg?q=70
Tobo NVIDIA M.2 To USB 3.0 Pcie 1x To 16x Riser Card Sw...,0,0,₹449,https://rukminim1.flixcart.com/image/612/612/l3khsi80/graphics-card/u/w/l/m-2-to-usb-3-0-pcie-1x-to-16x-riser-card-switch-transfer-card-original-imagenwbqfy8a5jy.jpeg?q=70
GIGABYTE NVIDIA RTX 2060 6 GB GDDR6,0,0,₹41900,https://rukminim1.flixcart.com/image/612/612/l41n2q80/graphics-card/o/u/p/rtx-2060-gigabyte-original-imagff6emszqgwvm.jpeg?q=70
GALAX NVIDIA NVIDIA-GEFORCE-3080-Ti-SG 12 GB GDDR6X,0,0,₹201738,https://rukminim1.flixcart.com/image/612/612/l0vbukw0/graphics-card/t/d/b/nvidia-geforce-3080-sg-galax-original-imagckaze9gnghvv.jpeg?q=70
AARVEX NVIDIA GT610 2 GB DDR3,0,0,₹3500,https://rukminim1.flixcart.com/image/612/612/l1i6w7k0/graphics-card/b/b/c/gt610-aarvex-original-imagd26gjmwymk3w.jpeg?q=70
Nextar NVIDIA VER 009S Riser Cable Black PCIE Riser 1X ...,0,0,₹749,https://rukminim1.flixcart.com/image/612/612/ktvucnk0/graphics-card/p/x/u/ver-009s-riser-cable-black-pcie-riser-1x-to-16x-graphics-original-imag74txqem6deer.jpeg?q=70
Jack and Rex NVIDIA JAR-VER012X PLUS VER012X PLUS / 012...,0,0,₹1199,https://rukminim1.flixcart.com/image/612/612/l1b1oy80/graphics-card/p/e/p/jar-ver012x-plus-ver012x-plus-012x-4-bigger-capacitor-16x-to-1x-original-imagcw6zzqwxbdky.jpeg?q=70
LipiWorld NVIDIA Pack Of 6 VER011-PRO Riser Card 10 Cap...,0,0,₹3799,https://rukminim1.flixcart.com/image/612/612/l02r1jk0/graphics-card/y/1/q/pack-of-6-ver011-pro-riser-card-10-capacitors-pci-e-1x-to-16x-original-imagbxw4guzzyp4q.jpeg?q=70
Hi-Lite Essentials NVIDIA PCI Express Multiplier Riser ...,4.5,4,₹2499,https://rukminim1.flixcart.com/image/612/612/kqwobrk0/graphics-card/v/a/t/pci-express-multiplier-riser-card-pcie-1-to-4-pci-express-16x-original-imag4th2xqmn4ukq.jpeg?q=70
Inno3D NVIDIA GEFORCE GTX 1660 Super Twin X2 6 GB GDDR6...,0,0,₹34089,https://rukminim1.flixcart.com/image/612/612/l0lbrm80/graphics-card/w/f/t/geforce-gtx-1660-super-twin-x2-inno3d-original-imagcbrbzaujngyt.jpeg?q=70
Inno3D NVIDIA GEFORCE RTX 3050 Gaming OC X2 8 GB GDDR6 ...,4.8,4,₹38639,https://rukminim1.flixcart.com/image/612/612/l0lbrm80/graphics-card/t/k/6/geforce-rtx-3050-gaming-oc-x2-inno3d-original-imagcbxqguegxzhn.jpeg?q=70
Inno3D NVIDIA GEFORCE RTX 3060 Ti Twin X2 OC LHR 8 GB G...,0,0,₹55722,https://rukminim1.flixcart.com/image/612/612/l0lbrm80/graphics-card/6/g/n/geforce-rtx-3060-ti-twin-x2-oc-lhr-inno3d-original-imagcbr94zgc7waz.jpeg?q=70
nVIDIA NVIDIA GT 710 2 GB DDR3,0,0,₹3199,https://rukminim1.flixcart.com/image/612/612/kq18n0w0/graphics-card/a/m/t/gv-n1030d4-2gl-geforce-gt-1030-low-profile-d4-2g-computer-original-imag44xshg3fgpq2.jpeg?q=70
GIGABYTE NVIDIA GT 710 2 GB GDDR5,3.9,79,₹4989,https://rukminim1.flixcart.com/image/612/612/j9n3ekw0/graphics-card/s/6/j/gigabyte-gt-710-original-imaezekjg4cgb3hv.jpeg?q=70
Jack and Rex NVIDIA Jac Ultra Latest UPGRADED 2021 Gold...,4,5,₹899,https://rukminim1.flixcart.com/image/612/612/ku5ufm80/graphics-card/w/k/r/jac-ultra-latest-upgraded-2021-gold-edition-ver010s-plus-010s-original-imag7chzpzzytchn.jpeg?q=70
Piplus NVIDIA VER012 Pro 10 Capacitor Pcie Riser Extens...,0,0,₹1899,https://rukminim1.flixcart.com/image/612/612/l0h1g280/graphics-card/t/p/e/ver012-pro-10-capacitor-pcie-riser-extension-adapter-card-eth-original-imagc99nma4gmwuc.jpeg?q=70
Nextar NVIDIA VER 009S Riser Cable Black PCIE Riser 1X ...,0,0,₹2590,https://rukminim1.flixcart.com/image/612/612/ktvucnk0/graphics-card/x/8/r/ver-009s-riser-cable-black-pcie-riser-1x-to-16x-graphics-original-imag74tzth3gjaa7.jpeg?q=70
VIBOTON NVIDIA NVIDIA PCI-E Riser Card VER011-Pro, 10 C...,0,0,₹949,https://rukminim1.flixcart.com/image/612/612/kyag87k0/graphics-card/9/0/i/nvidia-pci-e-riser-card-ver011-pro-10-capacitors-for-bit-coin-original-imagak4pgfs3wfhf.jpeg?q=70
Xsentuals NVIDIA NVME Adapter PCIe x16 with Heat Sink,M...,0,0,₹1299,https://rukminim1.flixcart.com/image/612/612/ks99aq80/graphics-card/w/5/m/nvme-adapter-pcie-x16-with-heat-sink-m-2-nvme-or-ahci-ssd-to-original-imag5v3wmzbtsqr8.jpeg?q=70
Inno3D NVIDIA GEFORCE RTX 3070 Ti X3 8 GB GDDR6X,0,0,₹85137,https://rukminim1.flixcart.com/image/612/612/l0lbrm80/graphics-card/e/z/a/geforce-rtx-3070-ti-x3-inno3d-original-imagcbrdsf7zhaey.jpeg?q=70
Verilux NVIDIA Card for Key M 2230, 2242, 2260, 2280 Si...,0,0,₹720,https://rukminim1.flixcart.com/image/612/612/l30hmkw0/graphics-card/c/s/p/card-for-key-m-2230-2242-2260-2280-size-m-2-ssd-support-pcie-x4-original-image895fwdeqszf.jpeg?q=70
Colorful NVIDIA Battle AX 6 GB GDDR6,0,0,₹31999,https://rukminim1.flixcart.com/image/612/612/l37mtu80/graphics-card/9/7/l/battle-ax-colorful-original-imagedpf4hcnhvyg.jpeg?q=70
MSI NVIDIA GeForce GT 1030 2GD4 LP OC GRAPHIC CARD 2 GB...,0,0,₹9024,https://rukminim1.flixcart.com/image/612/612/kziqvm80/graphics-card/t/i/d/geforce-gt-1030-2gd4-lp-oc-graphic-card-msi-original-imagbgagwhammnaz.jpeg?q=70
Sapphire Radeon AMD/ATI Pulse Radeon RX 570 4GB DDR5 Du...,3.3,7,₹22500,https://rukminim1.flixcart.com/image/612/612/kb89ea80/graphics-card/w/e/m/sapphire-radeon-pulse-radeon-rx-570-4gb-ddr5-dual-fan-pci-original-imafsmftmhhtjsqh.jpeg?q=70
Jack and Rex NVIDIA GPU RISER WITH TEMPRATURE SENSOR an...,0,0,₹1599,https://rukminim1.flixcart.com/image/612/612/kubk70w0/graphics-card/j/h/e/gpu-riser-with-temprature-sensor-and-ngff-m-2-key-to-usb-3-0-original-imag7h2cywjcwvpu.jpeg?q=70
LipiWorld NVIDIA Pack Of 4 VER011-PRO Riser Card 10 Cap...,0,0,₹2374,https://rukminim1.flixcart.com/image/612/612/l02r1jk0/graphics-card/5/f/7/pack-of-4-ver011-pro-riser-card-10-capacitors-pci-e-1x-to-16x-original-imagbxvbtghmqx5h.jpeg?q=70
Jack and Rex NVIDIA 8-Pin Female to 2(6+2) Pin Male Pin...,4.3,3,₹1499,https://rukminim1.flixcart.com/image/612/612/kubk70w0/graphics-card/d/4/7/8-pin-female-to-2-6-2-pin-male-pin-combo-of-4-8pin-female-pcie-original-imag7gwt3jsdrmht.jpeg?q=70
PowerColor AMD/ATI Fighter 6700XT 12 GB GDDR6,0,0,₹130000,https://rukminim1.flixcart.com/image/612/612/l2nmnww0/graphics-card/p/y/r/fighter-6700xt-powercolor-original-imagdy45ph2nhzkv.jpeg?q=70
Tobo NVIDIA ER010S Plus USB 3.0 PCI-E Riser VER 010S Pl...,0,0,₹999,https://rukminim1.flixcart.com/image/612/612/kwqq1zk0/graphics-card/u/a/j/er010s-plus-usb-3-0-pci-e-riser-ver-010s-plus-express-1x-to-16x-original-imag9cw3rbse3uhh.jpeg?q=70
MSI AMD/ATI RX 6700 XT 12 GB GDDR6,0,0,₹73109,https://rukminim1.flixcart.com/image/612/612/l0lbrm80/graphics-card/4/h/c/rx-6700-xt-msi-original-imagccm64t47xyyh.jpeg?q=70
Jack and Rex NVIDIA GPU RISER WITH TEMPRATURE SENSOR an...,0,0,₹1599,https://rukminim1.flixcart.com/image/612/612/kubk70w0/graphics-card/h/w/c/gpu-riser-with-temprature-sensor-and-pcie-splitter-8-pin-female-original-imag7gwpfrgf8jeg.jpeg?q=70
MSI AMD/ATI Radeon RX 6700 XT MECH 2X 12G 12 GB GDDR6 G...,0,0,₹63489,https://rukminim1.flixcart.com/image/612/612/l3929ow0/graphics-card/c/w/9/radeon-rx-6700-xt-mech-2x-12g-msi-original-imagefyyvrh6jcdu.jpeg?q=70
Microware NVIDIA PCI-E Riser Express Cable ( Dual-6pin ...,0,0,₹1499,https://rukminim1.flixcart.com/image/612/612/l3ys70w0/graphics-card/w/j/v/pci-e-riser-express-cable-dual-6pin-molex-with-led-graphics-original-imageyzcjezgqtv7.jpeg?q=70
Tobo NVIDIA Micro Connectors M.2 NVMe 80mm SSD PCIe x4 ...,0,0,₹2499,https://rukminim1.flixcart.com/image/612/612/l3lx8cw0/graphics-card/n/r/t/micro-connectors-m-2-nvme-80mm-ssd-pcie-x4-adapter-with-covered-original-imagepyqf5y4arcz.jpeg?q=70
Tobo NVIDIA PCI-E 1X to SATA 3.0 Expansion Card 10 Full...,0,0,₹6999,https://rukminim1.flixcart.com/image/612/612/l3lx8cw0/graphics-card/q/y/7/pci-e-1x-to-sata-3-0-expansion-card-10-full-speed-devices-with-original-imagezx6tugqzftq.jpeg?q=70
GALAX NVIDIA NVIDIA-GEFORCE-3080-SG 10 GB GDDR6X,0,0,₹131172,https://rukminim1.flixcart.com/image/612/612/kzpw2vk0/graphics-card/s/c/q/nvidia-geforce-3090-sg-galax-original-imagbny6hndcht54.jpeg?q=70
Nextar NVIDIA VER 009S Riser Cable Black PCIE Riser 1X ...,0,0,₹2098,https://rukminim1.flixcart.com/image/612/612/ktvucnk0/graphics-card/z/b/m/ver-009s-riser-cable-black-pcie-riser-1x-to-16x-graphics-original-imag74twtge8gzg4.jpeg?q=70
XFX AMD/ATI GDDR5 4 GB GDDR5,0,0,₹33449,https://rukminim1.flixcart.com/image/612/612/khcb7gw0/graphics-card/f/z/m/xfx-gddr5-original-imafxdtdzgfgmsey.jpeg?q=70
Nextar NVIDIA VER 009S Riser Cable Black PCIE Riser 1X ...,0,0,₹1549,https://rukminim1.flixcart.com/image/612/612/ktvucnk0/graphics-card/m/p/k/ver-009s-riser-cable-black-pcie-riser-1x-to-16x-graphics-original-imag74tydah7cd2p.jpeg?q=70
Tobo NVIDIA PCI-E Riser Ve 014 V014 Pro PCI Express Ris...,0,0,₹1299,https://rukminim1.flixcart.com/image/612/612/l3khsi80/graphics-card/p/q/w/pci-e-riser-ve-014-v014-pro-pci-express-riser-card-1x-to-16x-gpu-original-imagenusgrjapn8t.jpeg?q=70
Gamers Choice NVIDIA GTX 1050 Ti 4 GB DDR5,2.7,3,₹16999,https://rukminim1.flixcart.com/image/612/612/l23mhzk0/graphics-card/c/z/q/gtx-1050-ti-gamers-choice-original-imagdghanahgnuvf.jpeg?q=70
Etzin NVIDIA M.2 to PCI-E X16 Slot Adapter Card NGFF Pc...,0,0,₹449,https://rukminim1.flixcart.com/image/612/612/l3t2fm80/graphics-card/x/5/l/m-2-to-pci-e-x16-slot-adapter-card-ngff-pcie-riser-card-etzin-original-imageujd5zua2dr5.jpeg?q=70
Etzin NVIDIA PCI-E 1X to SATA 3.0 Expansion Card 10 Ful...,0,0,₹7999,https://rukminim1.flixcart.com/image/612/612/l3nco7k0/graphics-card/f/a/u/pci-e-1x-to-sata-3-0-expansion-card-10-full-speed-ports-6g-original-imageptnzkhjmvkr.jpeg?q=70
Etzin NVIDIA PCIe x1 to 4 USB Hub PCI-Express 16X Slots...,0,0,₹2999,https://rukminim1.flixcart.com/image/612/612/l3lx8cw0/graphics-card/o/f/x/pcie-x1-to-4-usb-hub-pci-express-16x-slots-riser-card-etzin-original-imagepfvhj8v9vg9.jpeg?q=70
Verilux NVIDIA Extender Cable PCIe 16x to 16x Flexible ...,0,0,₹823,https://rukminim1.flixcart.com/image/612/612/kw6pw280/graphics-card/s/w/a/pci-e-extender-cable-pcie-16x-to-16x-flexible-gpu-riser-adapter-original-imag8xyefw3ffuxs.jpeg?q=70
MSI NVIDIA NVIDIA Nvidia GT 730 4 GB DDR3,0,0,₹6990,https://rukminim1.flixcart.com/image/612/612/l3bx5e80/graphics-card/z/d/1/nvidia-gt-730-msi-nvidia-original-imagehybm29fydzt.jpeg?q=70
Tobo AMD/ATI Riser Card VER0010S Plus Ultra Latest / 8 ...,0,0,₹1989,https://rukminim1.flixcart.com/image/612/612/kws5hu80/graphics-card/l/8/q/riser-card-ver0010s-plus-ultra-latest-8-capacitor-gpu-riser-pcie-original-imag9dtfhghxrmsm.jpeg?q=70
XFX Radeon AMD/ATI XFXRadeonRX580GTSBlackEdition 1405 M...,0,0,₹49999,https://rukminim1.flixcart.com/image/612/612/kpcy5jk0/graphics-card/g/p/1/xfxradeonrx580gtsblackedition-1405-mhz-oc-8gb-256-bit-gddr5-dx12-original-imag3hvjftnt8hkh.jpeg?q=70
Bunny quinn NVIDIA GTX 1050 Ti 4 GB GDDR5,0,0,₹30449,https://rukminim1.flixcart.com/image/612/612/kf8kvbk0/graphics-card/2/6/z/asus-geforce-gtx-1050-original-imafvq6a3qvrys5q.jpeg?q=70
Mak World NVIDIA USB 3.0 PCIe1x to 16x Extender Riser C...,0,0,₹799,https://rukminim1.flixcart.com/image/612/612/l1pc3gw0/graphics-card/m/n/7/usb-3-0-pcie1x-to-16x-extender-riser-card-adapter-molex-power-original-imagd7kccywtvhjd.jpeg?q=70
Verilux AMD/ATI 12.5 Inches Express Mining,0,0,₹1544,https://rukminim1.flixcart.com/image/612/612/kwv0djk0/graphics-card/m/o/b/12-5-inches-express-mining-graphic-card-verilux-original-imag9fwhtwwygcjy.jpeg?q=70
GIGABYTE NVIDIA GeForce RTX 3070 Ti Vision OC 8G,0,0,₹89990,https://rukminim1.flixcart.com/image/612/612/l45xea80/graphics-card/7/e/i/geforce-rtx-3070-ti-vision-oc-8g-graphics-card-gigabyte-original-imagf44fskyfjpue.jpeg?q=70
HP Core i3 11th Gen - (8 GB/256 GB SSD/Windows 11 Home)...,4.3,1,216,₹36990,https://rukminim1.flixcart.com/image/612/612/l0zm64w0/computer/k/h/m/14s-dq2606tu-thin-and-light-laptop-hp-original-imagcnsfnrzvzbs6.jpeg?q=70
WILD EDGE Men,4.1,5,777,₹191,https://rukminim1.flixcart.com/image/612/612/kiew3gw0-0/wallet-card-wallet/x/y/z/fuzi001-solid-wallet-wild-edge-original-imafy7ryuhq4ajyy.jpeg?q=70
LipiWorld NVIDIA Pack Of 4 VER011-PRO Riser Card 10 Cap...,0,0,₹2374,https://rukminim1.flixcart.com/image/612/612/l02r1jk0/graphics-card/5/f/7/pack-of-4-ver011-pro-riser-card-10-capacitors-pci-e-1x-to-16x-original-imagbxvbtghmqx5h.jpeg?q=70
Jack and Rex NVIDIA 8-Pin Female to 2(6+2) Pin Male Pin...,4.3,3,₹1499,https://rukminim1.flixcart.com/image/612/612/kubk70w0/graphics-card/d/4/7/8-pin-female-to-2-6-2-pin-male-pin-combo-of-4-8pin-female-pcie-original-imag7gwt3jsdrmht.jpeg?q=70
Verilux NVIDIA Card for Key M 2230, 2242, 2260, 2280 Si...,0,0,₹720,https://rukminim1.flixcart.com/image/612/612/l30hmkw0/graphics-card/c/s/p/card-for-key-m-2230-2242-2260-2280-size-m-2-ssd-support-pcie-x4-original-image895fwdeqszf.jpeg?q=70
Jack and Rex NVIDIA NGFF M.2 M key to USB 3.0 Adapter C...,0,0,₹422,https://rukminim1.flixcart.com/image/612/612/kubk70w0/graphics-card/a/s/i/ngff-m-2-m-key-to-usb-3-0-adapter-card-extender-m2-to-usb3-0-original-imag7gp9qg7bq6kw.jpeg?q=70
Jack and Rex NVIDIA GPU RISER WITH TEMPRATURE SENSOR an...,0,0,₹1599,https://rukminim1.flixcart.com/image/612/612/kubk70w0/graphics-card/j/h/e/gpu-riser-with-temprature-sensor-and-ngff-m-2-key-to-usb-3-0-original-imag7h2cywjcwvpu.jpeg?q=70
Jack and Rex NVIDIA Latest UPGRADED 2021 Gold Edition V...,0,0,₹1249,https://rukminim1.flixcart.com/image/612/612/kubk70w0/graphics-card/j/m/k/latest-upgraded-2021-gold-edition-ver010s-plus-and-ngff-m-2-key-original-imag7h2geewqhjf9.jpeg?q=70
Tobo NVIDIA M.2 to 2.5 inch SATA Enclosure,M.2 SSD to 2...,0,0,₹1499,https://rukminim1.flixcart.com/image/612/612/ksaoqkw0/hard-drive-enclosure/f/h/q/2-5-m-2-to-2-5-inch-sata-enclosure-m-2-ssd-to-2-5-inch-sata-original-imag5w6hszpyhfaq.jpeg?q=70
PowerColor AMD/ATI Fighter 6700XT 12 GB GDDR6,0,0,₹130000,https://rukminim1.flixcart.com/image/612/612/l2nmnww0/graphics-card/p/y/r/fighter-6700xt-powercolor-original-imagdy45ph2nhzkv.jpeg?q=70
Etzin NVIDIA PCI-E 1 to 6 Riser Card,PCI-E 1X to Extern...,0,0,₹3799,https://rukminim1.flixcart.com/image/612/612/l23mhzk0/graphics-card/g/p/4/6-in-1-pci-e-riser-adapter-board-1-to-6-pci-e-1x-express-usb3-0-original-imagdgjvh9enj4gm.jpeg?q=70
MSI NVIDIA GeForce RTX 3080 GAMING Z TRIO 12G LHR 12 GB...,0,0,₹112228,https://rukminim1.flixcart.com/image/612/612/l3929ow0/graphics-card/9/t/0/geforce-rtx-3080-gaming-z-trio-12g-lhr-msi-original-imagefyyfh4hekrs.jpeg?q=70
Tobo NVIDIA ER010S Plus USB 3.0 PCI-E Riser VER 010S Pl...,0,0,₹999,https://rukminim1.flixcart.com/image/612/612/kwqq1zk0/graphics-card/u/a/j/er010s-plus-usb-3-0-pci-e-riser-ver-010s-plus-express-1x-to-16x-original-imag9cw3rbse3uhh.jpeg?q=70
Etzin NVIDIA PCI-E 1X to 16X Riser CardUSB 3.0 Extensio...,0,0,₹1349,https://rukminim1.flixcart.com/image/612/612/l1xwqkw0/graphics-card/v/d/p/pci-e-1x-to-16x-riser-cardusb-3-0-extension-cable-6pin-sata-original-imagdedvwvdr8ydz.jpeg?q=70
Jack and Rex NVIDIA GPU RISER WITH TEMPRATURE SENSOR an...,0,0,₹1599,https://rukminim1.flixcart.com/image/612/612/kubk70w0/graphics-card/h/w/c/gpu-riser-with-temprature-sensor-and-pcie-splitter-8-pin-female-original-imag7gwpfrgf8jeg.jpeg?q=70
Tobo NVIDIA VER009S PCIE Riser Express Cable 1X to 16X ...,2.5,2,₹649,https://rukminim1.flixcart.com/image/612/612/l1xwqkw0/hard-drive-enclosure/g/3/z/3-5-ver009s-gpu-riser-express-16x-dual-6pin-usb-3-0-cable-6-pack-original-imagdea7sec2actc.jpeg?q=70
Sapphire Radeon AMD/ATI Pulse Radeon RX 570 4GB DDR5 Du...,3.3,7,₹22500,https://rukminim1.flixcart.com/image/612/612/kb89ea80/graphics-card/w/e/m/sapphire-radeon-pulse-radeon-rx-570-4gb-ddr5-dual-fan-pci-original-imafsmftmhhtjsqh.jpeg?q=70
Microware NVIDIA PCI-E Riser Express Cable ( Dual-6pin ...,0,0,₹1499,https://rukminim1.flixcart.com/image/612/612/l3ys70w0/graphics-card/w/j/v/pci-e-riser-express-cable-dual-6pin-molex-with-led-graphics-original-imageyzcjezgqtv7.jpeg?q=70
Microware NVIDIA VER009S PCIE Riser Express Cable 1X to...,0,0,₹1499,https://rukminim1.flixcart.com/image/612/612/l3ys70w0/graphics-card/g/w/g/ver009s-pcie-riser-express-cable-1x-to-16x-dual-6pin-molex-eth-original-imageyz7vdddfycv.jpeg?q=70
Tobo NVIDIA 6 Port SATA 3 PCI Express Expansion Card PC...,0,0,₹2999,https://rukminim1.flixcart.com/image/612/612/l3lx8cw0/graphics-card/w/s/1/6-port-sata-3-pci-express-expansion-card-pci-e-sata-controller-original-imagep2bqtj32gwb.jpeg?q=70
Tobo NVIDIA PCI-E 1X to SATA 3.0 Expansion Card 10 Full...,0,0,₹6999,https://rukminim1.flixcart.com/image/612/612/l3lx8cw0/graphics-card/q/y/7/pci-e-1x-to-sata-3-0-expansion-card-10-full-speed-devices-with-original-imagezx6tugqzftq.jpeg?q=70
Etzin NVIDIA VER009S GPU Riser Express Kits 16X to 1X (...,0,0,₹3499,https://rukminim1.flixcart.com/image/612/612/kvlaaa80/graphics-card/1/s/5/6pcs-pcie-riser-for-bitcoin-litecoin-eth-coin-mining-ver009s-gpu-original-imag8g8akv9add3b.jpeg?q=70
GALAX NVIDIA NVIDIA-GEFORCE-3080-SG 10 GB GDDR6X,0,0,₹131172,https://rukminim1.flixcart.com/image/612/612/kzpw2vk0/graphics-card/s/c/q/nvidia-geforce-3090-sg-galax-original-imagbny6hndcht54.jpeg?q=70
Tobo NVIDIA Micro Connectors M.2 NVMe 80mm SSD PCIe x4 ...,0,0,₹2499,https://rukminim1.flixcart.com/image/612/612/l3lx8cw0/graphics-card/n/r/t/micro-connectors-m-2-nvme-80mm-ssd-pcie-x4-adapter-with-covered-original-imagepyqf5y4arcz.jpeg?q=70
Verilux AMD/ATI Dual PSU Power Supply Cable 24 Pin Exte...,2.7,3,₹401,https://rukminim1.flixcart.com/image/612/612/kw6pw280/graphics-card/r/b/g/dual-psu-power-supply-cable-24-pin-extension-cable-for-atx-original-imag8xy6an4zzkh8.jpeg?q=70
Nextar NVIDIA VER 009S Riser Cable Black PCIE Riser 1X ...,0,0,₹2098,https://rukminim1.flixcart.com/image/612/612/ktvucnk0/graphics-card/z/b/m/ver-009s-riser-cable-black-pcie-riser-1x-to-16x-graphics-original-imag74twtge8gzg4.jpeg?q=70
XFX AMD/ATI GDDR5 4 GB GDDR5,0,0,₹33449,https://rukminim1.flixcart.com/image/612/612/khcb7gw0/graphics-card/f/z/m/xfx-gddr5-original-imafxdtdzgfgmsey.jpeg?q=70
Nextar NVIDIA VER 009S Riser Cable Black PCIE Riser 1X ...,0,0,₹1549,https://rukminim1.flixcart.com/image/612/612/ktvucnk0/graphics-card/m/p/k/ver-009s-riser-cable-black-pcie-riser-1x-to-16x-graphics-original-imag74tydah7cd2p.jpeg?q=70
VIBOTON NVIDIA NVIDIA PCI-E Riser Card VER011-Pro, 10 C...,0,0,₹949,https://rukminim1.flixcart.com/image/612/612/kyag87k0/graphics-card/9/0/i/nvidia-pci-e-riser-card-ver011-pro-10-capacitors-for-bit-coin-original-imagak4pgfs3wfhf.jpeg?q=70
Tobo NVIDIA PCI-E Riser Ve 014 V014 Pro PCI Express Ris...,0,0,₹1299,https://rukminim1.flixcart.com/image/612/612/l3khsi80/graphics-card/p/q/w/pci-e-riser-ve-014-v014-pro-pci-express-riser-card-1x-to-16x-gpu-original-imagenusgrjapn8t.jpeg?q=70
CONSISTENT NVIDIA CTG2101GD3 1 GB DDR3,0,0,₹2700,https://rukminim1.flixcart.com/image/612/612/l13whow0/graphics-card/2/e/c/ctg2101gd3-consistent-original-imagcqyppksu7dqv.jpeg?q=70
GALAX NVIDIA NVIDIA-GEFORCE-3060-Ti 8 GB GDDR6,0,0,₹85631,https://rukminim1.flixcart.com/image/612/612/kzogn0w0/graphics-card/m/8/1/nvidia-geforce-3060-galax-original-imagbmrzzcqn2zun.jpeg?q=70
Verilux NVIDIA Cable GPU Riser Adapter-Mining Bitcoin, ...,0,0,₹1235,https://rukminim1.flixcart.com/image/612/612/l30hmkw0/graphics-card/m/n/x/cable-gpu-riser-adapter-mining-bitcoin-ethereum-eth-zcash-zec-original-image87scx79vr86.jpeg?q=70
Etzin NVIDIA M.2 NVMe 80mm SSD PCIe x4 Adapter 1 GB DDR...,0,0,₹2999,https://rukminim1.flixcart.com/image/612/612/l3nco7k0/graphics-card/e/k/g/m-2-nvme-80mm-ssd-pcie-x4-adapter-etzin-original-imagepsghagzvh5j.jpeg?q=70
Etzin NVIDIA M.2 to PCI-E X16 Slot Adapter Card NGFF Pc...,0,0,₹449,https://rukminim1.flixcart.com/image/612/612/l3t2fm80/graphics-card/x/5/l/m-2-to-pci-e-x16-slot-adapter-card-ngff-pcie-riser-card-etzin-original-imageujd5zua2dr5.jpeg?q=70
Gamers Choice NVIDIA GTX 1050 Ti 4 GB DDR5,2.7,3,₹16999,https://rukminim1.flixcart.com/image/612/612/l23mhzk0/graphics-card/c/z/q/gtx-1050-ti-gamers-choice-original-imagdghanahgnuvf.jpeg?q=70
Jack and Rex NVIDIA 8-Pin Female to 2(6+2) Pin Male Pin...,3.6,7,₹449,https://rukminim1.flixcart.com/image/612/612/kua4r680/graphics-card/v/c/i/8-pin-female-to-2-6-2-pin-male-pin-8pin-female-pcie-to-2-pcie-original-imag7fjubnmd5dww.jpeg?q=70
Etzin NVIDIA PCI-E 1X to SATA 3.0 Expansion Card 10 Ful...,0,0,₹7999,https://rukminim1.flixcart.com/image/612/612/l3nco7k0/graphics-card/f/a/u/pci-e-1x-to-sata-3-0-expansion-card-10-full-speed-ports-6g-original-imageptnzkhjmvkr.jpeg?q=70
Etzin NVIDIA PCIe x1 to 4 USB Hub PCI-Express 16X Slots...,0,0,₹2999,https://rukminim1.flixcart.com/image/612/612/l3lx8cw0/graphics-card/o/f/x/pcie-x1-to-4-usb-hub-pci-express-16x-slots-riser-card-etzin-original-imagepfvhj8v9vg9.jpeg?q=70
Verilux NVIDIA Extender Cable PCIe 16x to 16x Flexible ...,0,0,₹823,https://rukminim1.flixcart.com/image/612/612/kw6pw280/graphics-card/s/w/a/pci-e-extender-cable-pcie-16x-to-16x-flexible-gpu-riser-adapter-original-imag8xyefw3ffuxs.jpeg?q=70
Tobo AMD/ATI Riser Card VER0010S Plus Ultra Latest / 8 ...,0,0,₹1989,https://rukminim1.flixcart.com/image/612/612/kws5hu80/graphics-card/l/8/q/riser-card-ver0010s-plus-ultra-latest-8-capacitor-gpu-riser-pcie-original-imag9dtfhghxrmsm.jpeg?q=70
ZOTAC NVIDIA RTX 3070 Ti Trinity OC 8 GB GDDR6X,0,0,₹94444,https://rukminim1.flixcart.com/image/612/612/kwpam4w0/graphics-card/f/u/g/rtx-3070-ti-trinity-oc-zotac-original-imag9bgzgseg46z5.jpeg?q=70
XFX Radeon AMD/ATI XFXRadeonRX580GTSBlackEdition 1405 M...,0,0,₹49999,https://rukminim1.flixcart.com/image/612/612/kpcy5jk0/graphics-card/g/p/1/xfxradeonrx580gtsblackedition-1405-mhz-oc-8gb-256-bit-gddr5-dx12-original-imag3hvjftnt8hkh.jpeg?q=70
Xsentuals NVIDIA PCI-E 1x to 16x Adapter Card USB3.0 Da...,2.3,3,₹599,https://rukminim1.flixcart.com/image/612/612/ks3jjbk0/graphics-card/9/3/9/pcie-riser-adapter-card-ver009s-009s-black-gold-16x-to-1x-60cm-original-imag5qx5uq2vnujr.jpeg?q=70
nVIDIA NVIDIA PCI Express Multiplier Riser Card for Min...,0,0,₹2450,https://rukminim1.flixcart.com/image/612/612/l22724w0/graphics-card/5/3/c/pci-express-multiplier-riser-card-for-mining-device-nvidia-original-imagdhzjaf58zzmb.jpeg?q=70
Bunny quinn NVIDIA GTX 1050 Ti 4 GB GDDR5,0,0,₹30449,https://rukminim1.flixcart.com/image/612/612/kf8kvbk0/graphics-card/2/6/z/asus-geforce-gtx-1050-original-imafvq6a3qvrys5q.jpeg?q=70
GIGABYTE AMD/ATI GV-R66XTGAMING OC-8GD 8 GB GDDR6,0,0,₹50427,https://rukminim1.flixcart.com/image/612/612/l0h1g280/graphics-card/k/v/g/gv-r66xtgaming-oc-8gd-gigabyte-original-imagc9y7ett5qnkz.jpeg?q=70
Warsi Design NVIDIA VC-1003 1 GB DDR2,0,0,₹1800,https://rukminim1.flixcart.com/image/612/612/l44hyfk0/graphics-card/8/b/m/vc-1003-warsi-design-original-imagf36fjzjzgts2.jpeg?q=70
MSI NVIDIA NVIDIA Nvidia GT 730 4 GB DDR3,0,0,₹6990,https://rukminim1.flixcart.com/image/612/612/l3bx5e80/graphics-card/z/d/1/nvidia-gt-730-msi-nvidia-original-imagehybm29fydzt.jpeg?q=70
coolcold NVIDIA PCIe 1 to 4 Riser Card, Pcie Splitter 1...,0,0,₹1999,https://rukminim1.flixcart.com/image/612/612/l0h1g280/graphics-card/6/t/d/pcie-1-to-4-riser-card-pcie-splitter-1-to-4-pci-riser-card-original-imagc9y7zg9gw2nh.jpeg?q=70
Mak World NVIDIA USB 3.0 PCIe1x to 16x Extender Riser C...,0,0,₹799,https://rukminim1.flixcart.com/image/612/612/l1pc3gw0/graphics-card/m/n/7/usb-3-0-pcie1x-to-16x-extender-riser-card-adapter-molex-power-original-imagd7kccywtvhjd.jpeg?q=70
Verilux AMD/ATI 12.5 Inches Express Mining,0,0,₹1544,https://rukminim1.flixcart.com/image/612/612/kwv0djk0/graphics-card/m/o/b/12-5-inches-express-mining-graphic-card-verilux-original-imag9fwhtwwygcjy.jpeg?q=70
GIGABYTE NVIDIA GeForce RTX 3070 Ti Vision OC 8G,0,0,₹89990,https://rukminim1.flixcart.com/image/612/612/l45xea80/graphics-card/7/e/i/geforce-rtx-3070-ti-vision-oc-8g-graphics-card-gigabyte-original-imagf44fskyfjpue.jpeg?q=70
HP Core i3 11th Gen - (8 GB/256 GB SSD/Windows 11 Home)...,4.3,1,216,₹36990,https://rukminim1.flixcart.com/image/612/612/l0zm64w0/computer/k/h/m/14s-dq2606tu-thin-and-light-laptop-hp-original-imagcnsfnrzvzbs6.jpeg?q=70
WILD EDGE Men,4.1,5,777,₹191,https://rukminim1.flixcart.com/image/612/612/kiew3gw0-0/wallet-card-wallet/x/y/z/fuzi001-solid-wallet-wild-edge-original-imafy7ryuhq4ajyy.jpeg?q=70
HP Ryzen 3 Dual Core 3250U - (8 GB/256 GB SSD/Windows 1...,4.3,2,742,₹34990,https://rukminim1.flixcart.com/image/612/612/ktaeqvk0/computer/b/7/4/15s-gy0501au-thin-and-light-laptop-hp-original-imag6z6muntqnzzc.jpeg?q=70
Lenovo IdeaPad 3 Core i3 11th Gen - (8 GB/512 GB SSD/Wi...,4.3,690,₹38490,https://rukminim1.flixcart.com/image/612/612/kruyw7k0/computer/f/i/u/na-thin-and-light-laptop-lenovo-original-imag5jy6fsm2yx4q.jpeg?q=70
Lenovo IdeaPad 3 Core i3 10th Gen - (8 GB/256 GB SSD/Wi...,4.3,2,888,₹33490,https://rukminim1.flixcart.com/image/612/612/keaaavk0/computer/x/m/y/lenovo-na-laptop-original-imafuzt8r5jqppfn.jpeg?q=70
ASUS VivoBook Core i3 11th Gen - (8 GB/256 GB SSD/Windo...,4.2,177,₹33990,https://rukminim1.flixcart.com/image/612/612/l2m78280/computer/z/e/f/-original-imagdx9szs8xz2rk.jpeg?q=70
ASUS Core i3 10th Gen - (4 GB + 32 GB Optane/512 GB SSD...,4.3,2,617,₹32990,https://rukminim1.flixcart.com/image/612/612/kp2y2kw0/computer/y/0/c/na-thin-and-light-laptop-asus-original-imag3ebnzawky4kn.jpeg?q=70
ASUS VivoBook 15 (2022) Core i5 11th Gen - (8 GB/1 TB H...,4.3,1,529,₹48990,https://rukminim1.flixcart.com/image/612/612/kp2y2kw0/computer/y/0/c/na-thin-and-light-laptop-asus-original-imag3ebnzawky4kn.jpeg?q=70
ASUS VivoBook 15 Core i3 10th Gen - (8 GB/1 TB HDD/Wind...,3.6,146,₹29990,https://rukminim1.flixcart.com/image/612/612/kp2y2kw0/computer/y/0/c/na-thin-and-light-laptop-asus-original-imag3ebnzawky4kn.jpeg?q=70
DELL Inspiron Athlon Dual Core 3050U - (8 GB/256 GB SSD...,4.2,123,₹32390,https://rukminim1.flixcart.com/image/612/612/l1dwknk0/computer/e/u/0/inspiron-3525-notebook-dell-original-imagcyrebyny33kd.jpeg?q=70
HP Core i5 11th Gen - (8 GB/512 GB SSD/Windows 11 Home)...,4.2,484,₹52999,https://rukminim1.flixcart.com/image/612/612/l2jcccw0/computer/s/k/0/-original-imagdus5mrsgjepa.jpeg?q=70
HP Ryzen 5 Hexa Core 5500U - (8 GB/512 GB SSD/Windows 1...,4.4,505,₹47999,https://rukminim1.flixcart.com/image/612/612/l2rwzgw0/computer/m/k/o/-original-imagefmhxu9rmfjq.jpeg?q=70
Infinix INBook X1 Core i3 10th Gen - (8 GB/256 GB SSD/W...,4.3,3,609,₹29990,https://rukminim1.flixcart.com/image/612/612/kw3v0cw0/computer/j/q/f/inbook-x1-thin-and-light-laptop-infinix-original-imag8vfssyyfzvku.jpeg?q=70
ASUS VivoBook K15 OLED Ryzen 7 Octa Core 5700U - (16 GB...,4.4,141,₹59990,https://rukminim1.flixcart.com/image/612/612/l13whow0/computer/o/s/h/-original-imagcqvpmys2cmg3.jpeg?q=70
Lenovo Core i3 10th Gen - (8 GB/512 GB SSD/Windows 11 H...,4.4,172,₹36990,https://rukminim1.flixcart.com/image/612/612/keaaavk0/computer/x/m/y/lenovo-na-laptop-original-imafuzt8r5jqppfn.jpeg?q=70
DELL Vostro Core i3 11th Gen - (8 GB/256 GB SSD/Windows...,4.2,42,₹37390,https://rukminim1.flixcart.com/image/612/612/l44hyfk0/computer/o/d/w/-original-imagf35eyyeezqpk.jpeg?q=70
Lenovo Ideapad Slim 5i Core i5 11th Gen - (16 GB/512 GB...,4.4,1,003,₹61490,https://rukminim1.flixcart.com/image/612/612/klfhk7k0/computer/w/u/x/na-thin-and-light-laptop-lenovo-original-imagyk4hedcydqx5.jpeg?q=70
ASUS VivoBook K15 OLED Ryzen 7 Octa Core 5700U - (16 GB...,4.4,141,₹59990,https://rukminim1.flixcart.com/image/612/612/l15bxjk0/computer/8/4/i/-original-imagcsyu53jxgtqe.jpeg?q=70
RedmiBook 15 Core i3 11th Gen - (8 GB/512 GB SSD/Window...,4.2,1,225,₹35990,https://rukminim1.flixcart.com/image/612/612/krxtrww0/computer/e/l/c/redmibook-15-e-learning-edition-thin-and-light-laptop-redmi-original-imag5m8jkjbaybeu.jpeg?q=70
ASUS Celeron Dual Core - (4 GB/1 TB HDD/Windows 10 Home...,3.8,16,303,₹22990,https://rukminim1.flixcart.com/image/612/612/k9d3p8w0/computer/c/a/h/asus-na-laptop-original-imafr6cbfurgkspg.jpeg?q=70
ASUS NVIDIA TUF-GTX1650-O4GD6-GAMING 4 GB GDDR6,0,0,₹41999,https://rukminim1.flixcart.com/image/612/612/l1ch4sw0/graphics-card/5/d/n/tuf-gtx1650-o4gd6-gaming-asus-original-imagcxggxz79fw6j.jpeg?q=70
nVIDIA NVIDIA GV-N710D3-2GL 2 GB DDR3,0,0,₹3000,https://rukminim1.flixcart.com/image/612/612/kcdp5zk0/graphics-card/h/c/t/nvidia-gv-n710d3-2gl-original-imaftg7zv9kw9hhw.jpeg?q=70
nVIDIA NVIDIA Gt 730 2 GB GDDR3,0,0,₹4999,https://rukminim1.flixcart.com/image/612/612/l3bx5e80/graphics-card/p/i/y/gt-730-nvidia-original-imagehfzaezgu7fe.jpeg?q=70
Xsentuals NVIDIA PCI-E VER009S-PLUS / 009S Plus / 8 Cap...,3.7,3,₹749,https://rukminim1.flixcart.com/image/612/612/kt39jm80/graphics-card/w/6/5/pci-e-ver009s-plus-009s-plus-8-capacitor-3-power-supply-1x-to-original-imag6gfyn75ftrz3.jpeg?q=70
COLRUL NVIDIA RTX 2060 6 GB GDDR6,0,0,₹40000,https://rukminim1.flixcart.com/image/612/612/l37mtu80/graphics-card/f/d/r/rtx-2060-colrul-original-imagedvdf9gk4gn5.jpeg?q=70
nVIDIA NVIDIA Gt 730 1 GB DDR5,0,0,₹3299,https://rukminim1.flixcart.com/image/612/612/l2nmnww0/graphics-card/s/2/v/gt-730-nvidia-original-imagdyc7whgeaa8j.jpeg?q=70
GALAX NVIDIA GEFORCE GT 710 2GB 2 GB GDDR3,3.6,119,₹4199,https://rukminim1.flixcart.com/image/612/612/jy7kyvk0/graphics-card/g/h/z/galax-geforce-gt-710-2gb-original-imafggy4awgfxdax.jpeg?q=70
Infinix INBook X1 Core i3 10th Gen - (8 GB/256 GB SSD/W...,4.3,3,609,₹29990,https://rukminim1.flixcart.com/image/612/612/kw104nk0/computer/z/7/t/inbook-x1-pro-thin-and-light-laptop-infinix-original-imag8shw6pfzuc4e.jpeg?q=70
Infinix INBook X1 Core i3 10th Gen - (8 GB/256 GB SSD/W...,4.3,3,609,₹29990,https://rukminim1.flixcart.com/image/612/612/kw3v0cw0/computer/7/f/t/inbook-x1-thin-and-light-laptop-infinix-original-imag8vfsvgu6jqxz.jpeg?q=70
ASUS VivoBook 15 (2021) Core i5 10th Gen - (8 GB/512 GB...,4.3,17,₹45990,https://rukminim1.flixcart.com/image/612/612/kp2y2kw0/computer/y/0/c/na-thin-and-light-laptop-asus-original-imag3ebnzawky4kn.jpeg?q=70
RedmiBook 15 Core i3 11th Gen - (8 GB/512 GB SSD/Window...,4.2,1,225,₹35990,https://rukminim1.flixcart.com/image/612/612/krxtrww0/computer/e/l/c/redmibook-15-e-learning-edition-thin-and-light-laptop-redmi-original-imag5m8jkjbaybeu.jpeg?q=70
ASUS Celeron Dual Core - (4 GB/1 TB HDD/Windows 10 Home...,3.8,16,303,₹22990,https://rukminim1.flixcart.com/image/612/612/k9d3p8w0/computer/c/a/h/asus-na-laptop-original-imafr6cbfurgkspg.jpeg?q=70
acer Extensa 15 Core i3 11th Gen - (4 GB/256 GB SSD/Win...,4.5,19,₹32090,https://rukminim1.flixcart.com/image/612/612/l1fc0i80/computer/5/x/c/-original-imagczgszcxeyfgg.jpeg?q=70
Lenovo IdeaPad 3 Celeron Dual Core - (8 GB/256 GB SSD/W...,0,0,₹29990,https://rukminim1.flixcart.com/image/612/612/keaaavk0/computer/x/m/y/lenovo-na-laptop-original-imafuzt8r5jqppfn.jpeg?q=70
ASUS VivoBook 15 (2022) Core i5 10th Gen - (8 GB/512 GB...,4.1,88,₹45990,https://rukminim1.flixcart.com/image/612/612/kp2y2kw0/computer/y/0/c/na-thin-and-light-laptop-asus-original-imag3ebnzawky4kn.jpeg?q=70
ASUS VivoBook Ultra 14 (2021) Core i5 11th Gen - (16 GB...,4.5,99,₹54990,https://rukminim1.flixcart.com/image/612/612/kh9gbrk0/computer/e/6/d/asus-na-thin-and-light-laptop-original-imafxbj7gbsraqzk.jpeg?q=70
HP Pentium Quad Core - (8 GB/256 GB SSD/Windows 11 Home...,4.2,114,₹31999,https://rukminim1.flixcart.com/image/612/612/kzrbiq80/computer/i/e/g/14s-dq3033tu-thin-and-light-laptop-hp-original-imagbpb2uunyvvhc.jpeg?q=70
HP Core i3 11th Gen - (8 GB/512 GB SSD/Windows 11 Home)...,4.3,1,042,₹40999,https://rukminim1.flixcart.com/image/612/612/l2jcccw0/computer/s/k/0/-original-imagdus5mrsgjepa.jpeg?q=70
HP Ryzen 5 Hexa Core 5500U - (8 GB/512 GB SSD/Windows 1...,4.4,194,₹47490,https://rukminim1.flixcart.com/image/612/612/kzrbiq80/computer/q/w/v/15s-eq2144au-thin-and-light-laptop-hp-original-imagbpb2qzqx6knt.jpeg?q=70
HP Core i3 11th Gen - (8 GB/512 GB SSD/Windows 11 Home)...,4.1,110,₹40990,https://rukminim1.flixcart.com/image/612/612/l2jcccw0/computer/s/k/0/-original-imagdus5mrsgjepa.jpeg?q=70
ASUS VivoBook K15 OLED (2022) Ryzen 5 Hexa Core 5500U -...,4.5,703,₹52990,https://rukminim1.flixcart.com/image/612/612/l15bxjk0/computer/8/4/i/-original-imagcsyu53jxgtqe.jpeg?q=70
Lenovo IdeaPad 3 Celeron Dual Core 4th Gen - (4 GB/256 ...,4.1,432,₹26990,https://rukminim1.flixcart.com/image/612/612/keaaavk0/computer/c/q/t/lenovo-na-thin-and-light-laptop-original-imafuzt873zgp9xe.jpeg?q=70
DELL Inspiron Core i3 10th Gen - (8 GB/256 GB SSD/Windo...,3.6,5,₹42990,https://rukminim1.flixcart.com/image/612/612/kt8zb0w0/computer/n/m/v/inspiron-3511-thin-and-light-laptop-dell-original-imag6n5kbmfcgxk6.jpeg?q=70
HP Core i3 11th Gen - (8 GB/512 GB SSD/Windows 10 Home)...,4.5,61,₹41999,https://rukminim1.flixcart.com/image/612/612/l0zm64w0/computer/k/h/m/14s-dq2606tu-thin-and-light-laptop-hp-original-imagcnsfnrzvzbs6.jpeg?q=70
acer Aspire 3 Dual Core 3020e - (4 GB/256 GB SSD/Window...,3.9,116,₹24990,https://rukminim1.flixcart.com/image/612/612/l3xcr680/computer/d/r/d/-original-imagexzbw8x7ydke.jpeg?q=70
DELL Inspiron Core i3 11th Gen - (8 GB/256 GB SSD/Windo...,4.3,144,₹53090,https://rukminim1.flixcart.com/image/612/612/l44hyfk0/computer/d/5/v/-original-imagf35ewhheawyf.jpeg?q=70
RedmiBook Pro Core i5 11th Gen - (8 GB/512 GB SSD/Windo...,4.2,1,875,₹42990,https://rukminim1.flixcart.com/image/612/612/kuwzssw0/computer/x/l/a/redmibook-15-pro-thin-and-light-laptop-redmi-original-imag7xhnakyazyma.jpeg?q=70
DELL Vostro Core i3 11th Gen - (8 GB/256 GB SSD/Windows...,4.1,442,₹35690,https://rukminim1.flixcart.com/image/612/612/l44hyfk0/computer/1/f/b/-original-imagf35erduuk5gh.jpeg?q=70
HP Ryzen 3 Quad Core 5300U - (8 GB/512 GB SSD/Windows 1...,4.1,372,₹36999,https://rukminim1.flixcart.com/image/612/612/kyrlifk0/computer/a/q/f/15s-eq2143au-thin-and-light-laptop-hp-original-imagaxg6jbj5zhhy.jpeg?q=70
DELL Vostro Core i3 11th Gen - (4 GB/1 TB HDD/256 GB SS...,3.8,5,₹36490,https://rukminim1.flixcart.com/image/612/612/kn7sdjk0/computer/l/4/y/na-notebook-dell-original-imagfy6adtf9apuh.jpeg?q=70
DELL Core i3 10th Gen - (8 GB/1 TB HDD/256 GB SSD/Windo...,4.2,468,₹41690,https://rukminim1.flixcart.com/image/612/612/kzvlua80/computer/v/k/o/vostro-3510-thin-and-light-laptop-dell-original-imagbscgmx366uhv.jpeg?q=70
MSI Modern 14 Core i5 10th Gen - (8 GB/512 GB SSD/Windo...,4.4,787,₹43990,https://rukminim1.flixcart.com/image/612/612/ko0d6kw0/computer/a/f/n/modern-14-b4mw-410in-notebook-msi-original-imag2km2byc24psz.jpeg?q=70
ASUS Core i3 11th Gen - (8 GB/256 GB SSD/Windows 11 Hom...,4.4,530,₹35990,https://rukminim1.flixcart.com/image/612/612/kp2y2kw0/computer/y/0/c/na-thin-and-light-laptop-asus-original-imag3ebnzawky4kn.jpeg?q=70
ASUS Ryzen 3 Dual Core 3250U 3rd Gen - (8 GB/256 GB SSD...,4.3,3,197,₹33990,https://rukminim1.flixcart.com/image/612/612/kp2y2kw0/computer/y/0/c/na-thin-and-light-laptop-asus-original-imag3ebnzawky4kn.jpeg?q=70
ASUS VivoBook K15 OLED (2022) Ryzen 5 Hexa Core 5500U -...,4.6,118,₹55990,https://rukminim1.flixcart.com/image/612/612/l13whow0/computer/o/s/h/-original-imagcqvpmys2cmg3.jpeg?q=70
Mundkar Men Casual Tan Artificial Leather Wallet,3.9,190,₹292,https://rukminim1.flixcart.com/image/612/612/jvzkb680/wallet-card-wallet/n/8/f/bradned-mens-wallet-combo-pack-of-2-wallets-bg1-f20-combo-29-original-imafgrr4yg6aqjsd.jpeg?q=70
APPLE 2020 Macbook Air M1 - (8 GB/512 GB SSD/Mac OS Big...,4.7,934,₹99990,https://rukminim1.flixcart.com/image/612/612/khdqnbk0/computer/5/d/e/apple-original-imafxfyqkdfxqjab.jpeg?q=70
DELL Inspiron Pentium Silver - (8 GB/256 GB SSD/Windows...,4.2,62,₹32490,https://rukminim1.flixcart.com/image/612/612/l1dwknk0/computer/3/w/s/inspiron-3521-notebook-dell-original-imagcyrhxaybghra.jpeg?q=70
HP Notebook PC Core i3 11th Gen - (8 GB/1 TB HDD/Window...,3.9,88,₹33990,https://rukminim1.flixcart.com/image/612/612/kxnl6kw0/computer/q/d/p/g8-240-thin-and-light-laptop-hp-original-imaga2fguqjzyphj.jpeg?q=70
MSI Modern 14 Ryzen 5 Hexa Core 4500U - (8 GB/512 GB SS...,4.5,1,117,₹43990,https://rukminim1.flixcart.com/image/612/612/ko0d6kw0/computer/t/m/1/modern-14-b4mw-410in-notebook-msi-original-imag2km2armfgmhp.jpeg?q=70
HP Ryzen 3 Quad Core 5300U - (8 GB/512 GB SSD/Windows 1...,4.4,362,₹38990,https://rukminim1.flixcart.com/image/612/612/kyt0ya80/computer/y/t/q/14s-fq1089au-thin-and-light-laptop-hp-original-imagayfyth9f3xd8.jpeg?q=70
ASUS VivoBook 15 (2022) Core i3 10th Gen - (8 GB/512 GB...,4.3,1,713,₹35499,https://rukminim1.flixcart.com/image/612/612/kp2y2kw0/computer/y/0/c/na-thin-and-light-laptop-asus-original-imag3ebnzawky4kn.jpeg?q=70
ASUS VivoBook K15 OLED (2022) Ryzen 5 Hexa Core 5500U -...,4.4,147,₹52990,https://rukminim1.flixcart.com/image/612/612/l13whow0/computer/o/s/h/-original-imagcqvpmys2cmg3.jpeg?q=70
ASUS VivoBook 14 (2021) Ryzen 7 Quad Core 3700U - (16 G...,4.6,7,₹49990,https://rukminim1.flixcart.com/image/612/612/l2m78280/computer/z/e/f/-original-imagdx9szs8xz2rk.jpeg?q=70
ASUS VivoBook K15 OLED (2022) Core i5 11th Gen - (16 GB...,4.6,25,₹65990,https://rukminim1.flixcart.com/image/612/612/l2dmky80/computer/0/3/a/-original-imagdqdytfgwhsah.jpeg?q=70
HP Core i3 11th Gen - (8 GB/512 GB SSD/Windows 11 Home)...,4.2,243,₹39990,https://rukminim1.flixcart.com/image/612/612/kzrbiq80/computer/v/d/d/15s-fq2626tu-thin-and-light-laptop-hp-original-imagbpb2sztfprgz.jpeg?q=70
realme Book (Slim) Core i3 11th Gen - (8 GB/256 GB SSD/...,4.4,7,490,₹41990,https://rukminim1.flixcart.com/image/612/612/ksez24w0/computer/v/b/y/rmnb1001-thin-and-light-laptop-realme-original-imag5zhgw27k4tbb.jpeg?q=70
RedmiBook 15 Core i3 11th Gen - (8 GB/256 GB SSD/Window...,4.2,1,225,₹32990,https://rukminim1.flixcart.com/image/612/612/krxtrww0/computer/e/l/c/redmibook-15-e-learning-edition-thin-and-light-laptop-redmi-original-imag5m8jkjbaybeu.jpeg?q=70
ASUS VivoBook 14 (2021) Celeron Dual Core - (4 GB/256 G...,3.9,44,₹25990,https://rukminim1.flixcart.com/image/612/612/l2m78280/computer/z/e/f/-original-imagdx9szs8xz2rk.jpeg?q=70
acer Aspire 5 Core i5 11th Gen - (8 GB/512 GB SSD/Windo...,4.2,214,₹54290,https://rukminim1.flixcart.com/image/612/612/kruyw7k0/computer/b/6/w/aspire-5-thin-and-light-laptop-acer-original-imag5k3stszyggb3.jpeg?q=70
DELL Inspiron Pentium Silver - (8 GB/256 GB SSD/Windows...,4.2,62,₹32490,https://rukminim1.flixcart.com/image/612/612/l1dwknk0/computer/3/w/s/inspiron-3521-notebook-dell-original-imagcyrhxaybghra.jpeg?q=70
DELL Inspiron Core i5 11th Gen - (8 GB/1 TB HDD/256 GB ...,4.3,96,₹56190,https://rukminim1.flixcart.com/image/612/612/krdtlzk0/computer/l/k/r/na-laptop-dell-original-imag57f9psmfjcxs.jpeg?q=70
HP Ryzen 3 Quad Core 5300U - (8 GB/512 GB SSD/Windows 1...,4.4,362,₹38990,https://rukminim1.flixcart.com/image/612/612/kyt0ya80/computer/y/t/q/14s-fq1089au-thin-and-light-laptop-hp-original-imagayfyth9f3xd8.jpeg?q=70
APPLE 2020 Macbook Air M1 - (8 GB/512 GB SSD/Mac OS Big...,4.7,934,₹99990,https://rukminim1.flixcart.com/image/612/612/khdqnbk0/computer/5/d/e/apple-original-imafxfyqkdfxqjab.jpeg?q=70
ASUS VivoBook 14 (2021) Celeron Dual Core - (4 GB/256 G...,3.9,44,₹25990,https://rukminim1.flixcart.com/image/612/612/l2m78280/computer/z/e/f/-original-imagdx9szs8xz2rk.jpeg?q=70
DELL Vostro Core i3 11th Gen - (8 GB/1 TB HDD/Windows 1...,3.9,2,094,₹38490,https://rukminim1.flixcart.com/image/612/612/ku5ufm80/computer/w/a/9/na-thin-and-light-laptop-dell-original-imag7cstqdg5hgzg.jpeg?q=70
ASUS VivoBook K15 OLED (2022) Core i5 11th Gen - (16 GB...,4.6,25,₹65990,https://rukminim1.flixcart.com/image/612/612/l2dmky80/computer/0/3/a/-original-imagdqdytfgwhsah.jpeg?q=70
DELL INSPIRON Core i3 10th Gen - (8 GB/1 TB HDD/Windows...,4,553,₹41490,https://rukminim1.flixcart.com/image/612/612/kikluvk0-0/laptop-display/s/4/e/inspiron-3501-dell-original-imafyc7hqnjzg8cm.jpeg?q=70
Lenovo IdeaPad 3 Core i3 11th Gen - (8 GB/512 GB SSD/Wi...,4.3,26,₹40490,https://rukminim1.flixcart.com/image/612/612/kruyw7k0/computer/a/w/e/na-thin-and-light-laptop-lenovo-original-imag5k4qyjacgkuh.jpeg?q=70
Infinix INBook X1 Core i5 10th Gen - (8 GB/512 GB SSD/W...,4.1,821,₹39990,https://rukminim1.flixcart.com/image/612/612/kw104nk0/computer/z/7/t/inbook-x1-pro-thin-and-light-laptop-infinix-original-imag8shw6pfzuc4e.jpeg?q=70
Lenovo IdeaPad 3 Core i5 11th Gen - (8 GB/512 GB SSD/Wi...,4.2,132,₹53990,https://rukminim1.flixcart.com/image/612/612/kruyw7k0/computer/f/i/u/na-thin-and-light-laptop-lenovo-original-imag5jy6fsm2yx4q.jpeg?q=70
Nokia PureBook X14 Core i5 10th Gen - (8 GB/512 GB SSD/...,4.4,1,201,₹42990,https://rukminim1.flixcart.com/image/612/612/kvtuxe80/computer/p/2/t/-original-imag8n7ukhkkenas.jpeg?q=70
ASUS VivoBook 15 (2022) Celeron Quad Core - (4 GB/256 G...,4.2,49,₹27990,https://rukminim1.flixcart.com/image/612/612/kp2y2kw0/computer/y/0/c/na-thin-and-light-laptop-asus-original-imag3ebnzawky4kn.jpeg?q=70
ASUS VivoBook 15 (2022) Core i7 10th Gen - (16 GB/512 G...,4.1,159,₹57990,https://rukminim1.flixcart.com/image/612/612/kp2y2kw0/computer/y/0/c/na-thin-and-light-laptop-asus-original-imag3ebnzawky4kn.jpeg?q=70
DELL Inspiron Ryzen 3 Dual Core 3250U - (8 GB/256 GB SS...,4.2,231,₹36190,https://rukminim1.flixcart.com/image/612/612/l45xea80/computer/w/j/c/-original-imagf4htystubbsg.jpeg?q=70
ASUS VivoBook K15 OLED (2022) Ryzen 5 Hexa Core 5500U -...,4.4,147,₹52990,https://rukminim1.flixcart.com/image/612/612/l13whow0/computer/o/s/h/-original-imagcqvpmys2cmg3.jpeg?q=70
ASUS VivoBook Ultra 14 (2021) Core i5 11th Gen - (16 GB...,4.5,99,₹54990,https://rukminim1.flixcart.com/image/612/612/kh9gbrk0/computer/a/s/k/asus-na-thin-and-light-laptop-original-imafxbj7gyrpudka.jpeg?q=70
acer Aspire 5 Core i5 11th Gen - (8 GB/512 GB SSD/Windo...,4.3,46,₹49890,https://rukminim1.flixcart.com/image/612/612/kybvo280/computer/6/u/v/-original-imagah7xakzzergf.jpeg?q=70
realme Book (Slim) Core i3 11th Gen - (8 GB/256 GB SSD/...,4.4,7,490,₹41990,https://rukminim1.flixcart.com/image/612/612/ksez24w0/computer/v/b/y/rmnb1001-thin-and-light-laptop-realme-original-imag5zhgw27k4tbb.jpeg?q=70
ASUS VivoBook 15 Ryzen 3 Dual Core - (4 GB/256 GB SSD/W...,4.3,3,197,₹31990,https://rukminim1.flixcart.com/image/612/612/kp2y2kw0/computer/y/0/c/na-thin-and-light-laptop-asus-original-imag3ebnzawky4kn.jpeg?q=70
DELL Inspiron Core i3 11th Gen - (8 GB/256 GB SSD/Windo...,4.3,144,₹53090,https://rukminim1.flixcart.com/image/612/612/l44hyfk0/computer/d/5/v/-original-imagf35ewhheawyf.jpeg?q=70
HP 15s Ryzen 3 Dual Core 3250U - (8 GB/1 TB HDD/256 GB ...,4.3,3,703,₹40990,https://rukminim1.flixcart.com/image/612/612/kk2wl8w0/computer/z/u/5/hp-original-imafzgdgcbtxvjka.jpeg?q=70
Lenovo IdeaPad 3 Core i5 10th Gen - (8 GB/512 GB SSD/Wi...,4.1,211,₹48490,https://rukminim1.flixcart.com/image/612/612/keaaavk0/computer/x/m/y/lenovo-na-laptop-original-imafuzt8r5jqppfn.jpeg?q=70
DELL Vostro Core i3 10th Gen - (8 GB/512 GB SSD/Windows...,3.9,58,₹39890,https://rukminim1.flixcart.com/image/612/612/l13whow0/computer/s/e/r/-original-imagcr7j9zvqpjeq.jpeg?q=70
aarnav fashion Women Multicolor Hand-held Bag,3.8,143,₹284,https://rukminim1.flixcart.com/image/612/612/kctf0cw0/hand-messenger-bag/z/e/z/multicolour-barbie-print-handbag-22-multicolour-barbie-print-original-imaftuzzazdmb8vu.jpeg?q=70
DELL Vostro Core i3 10th Gen - (4 GB/1 TB HDD/256 GB SS...,0,0,₹35690,https://rukminim1.flixcart.com/image/612/612/krf91u80/computer/2/m/b/na-thin-and-light-laptop-dell-original-imag585xzyrystrc.jpeg?q=70
ASUS VivoBook 14 (2021) Ryzen 5 Quad Core 3500U - (8 GB...,4.7,18,₹43990,https://rukminim1.flixcart.com/image/612/612/l2m78280/computer/z/e/f/-original-imagdx9szs8xz2rk.jpeg?q=70
realme Book (Slim) Core i3 11th Gen - (8 GB/256 GB SSD/...,4.4,7,490,₹41990,https://rukminim1.flixcart.com/image/612/612/ksez24w0/computer/h/8/9/rmnb1001-thin-and-light-laptop-realme-original-imag5zhgcstmjbxg.jpeg?q=70
DELL Inspiron Core i3 11th Gen - (8 GB/1 TB HDD/256 GB ...,4.3,326,₹44690,https://rukminim1.flixcart.com/image/612/612/kt8zb0w0/computer/n/m/v/inspiron-3511-thin-and-light-laptop-dell-original-imag6n5kbmfcgxk6.jpeg?q=70
realme Book(Slim) Intel Evo Core i5 11th Gen - (8 GB/51...,4.4,3,941,₹54990,https://rukminim1.flixcart.com/image/612/612/ksez24w0/computer/v/b/y/rmnb1001-thin-and-light-laptop-realme-original-imag5zhgw27k4tbb.jpeg?q=70
ASUS VivoBook K15 OLED (2022) Core i3 11th Gen - (8 GB/...,4.5,978,₹45990,https://rukminim1.flixcart.com/image/612/612/l2dmky80/computer/l/c/g/-original-imagdqdyewdfx452.jpeg?q=70
ASUS VivoBook 14 (2021) Ryzen 7 Quad Core 3700U - (16 G...,4.6,7,₹49990,https://rukminim1.flixcart.com/image/612/612/l2m78280/computer/z/e/f/-original-imagdx9szs8xz2rk.jpeg?q=70
Lenovo IdeaPad Flex 5 Ryzen 5 Hexa Core 5500U - (8 GB/5...,4.3,13,₹59990,https://rukminim1.flixcart.com/image/612/612/l0sgyvk0/computer/n/n/1/14alc05-thin-and-light-laptop-lenovo-original-imagchxwvqxpfxrh.jpeg?q=70
ASUS Vivobook 14 Core i3 11th Gen - (8 GB/1 TB HDD/256 ...,4.1,118,₹43599,https://rukminim1.flixcart.com/image/612/612/kwl0akw0/computer/b/c/g/x415ea-eb372ws-thin-and-light-laptop-asus-original-imag98ctqynmmfzw.jpeg?q=70
ASUS VivoBook 15 (2022) Core i3 10th Gen - (8 GB/512 GB...,4.3,1,713,₹35990,https://rukminim1.flixcart.com/image/612/612/kp2y2kw0/computer/y/0/c/na-thin-and-light-laptop-asus-original-imag3ebnzawky4kn.jpeg?q=70
Lenovo IdeaPad 3 Core i3 10th Gen - (8 GB/256 GB SSD/Wi...,4.2,345,₹33490,https://rukminim1.flixcart.com/image/612/612/keaaavk0/computer/c/q/t/lenovo-na-thin-and-light-laptop-original-imafuzt873zgp9xe.jpeg?q=70
ASUS Pentium Quad Core - (4 GB/1 TB HDD/Windows 10 Home...,0,0,₹27990,https://rukminim1.flixcart.com/image/612/612/k9d3p8w0/computer/c/a/h/asus-na-laptop-original-imafr6cbfurgkspg.jpeg?q=70
DELL Inspiron Core i3 10th Gen - (8 GB/256 GB SSD/Windo...,4,49,₹42390,https://rukminim1.flixcart.com/image/612/612/kt8zb0w0/computer/n/m/v/inspiron-3511-thin-and-light-laptop-dell-original-imag6n5kbmfcgxk6.jpeg?q=70
acer Aspire 5 Core i5 11th Gen - (8 GB/1 TB HDD/256 GB ...,4.5,61,₹52890,https://rukminim1.flixcart.com/image/612/612/kruyw7k0/computer/b/6/w/aspire-5-thin-and-light-laptop-acer-original-imag5k3stszyggb3.jpeg?q=70
ASUS Vivobook 14 Core i3 11th Gen - (8 GB/256 GB SSD/Wi...,4.3,116,₹35990,https://rukminim1.flixcart.com/image/612/612/kxc5nrk0/computer/0/i/2/x415ea-eb342ws-notebook-asus-original-imag9tn5rpypzyhq.jpeg?q=70
HP Core i3 11th Gen - (8 GB/256 GB SSD/Windows 11 Home)...,3.4,10,₹35990,https://rukminim1.flixcart.com/image/612/612/kzrbiq80/computer/v/d/d/15s-fq2626tu-thin-and-light-laptop-hp-original-imagbpb2sztfprgz.jpeg?q=70
DELL Inspiron Core i3 11th Gen - (8 GB/1 TB HDD/256 GB ...,4.3,1,030,₹43890,https://rukminim1.flixcart.com/image/612/612/kt8zb0w0/computer/n/m/v/inspiron-3511-thin-and-light-laptop-dell-original-imag6n5kbmfcgxk6.jpeg?q=70
Lenovo Ideapad Slim 5 Ryzen 7 Octa Core 4700U - (8 GB/5...,4.4,539,₹49990,https://rukminim1.flixcart.com/image/612/612/km3s1ow0/computer/x/3/y/na-thin-and-light-laptop-lenovo-original-imagf2sxsm9phf4z.jpeg?q=70
ASUS VivoBook K15 OLED Ryzen 5 Hexa Core 5500U - (16 GB...,4.6,118,₹55990,https://rukminim1.flixcart.com/image/612/612/l13whow0/computer/o/s/h/-original-imagcqvpmys2cmg3.jpeg?q=70
ASUS VivoBook Flip 14 Core i3 11th Gen - (8 GB/256 GB S...,4.8,18,₹48990,https://rukminim1.flixcart.com/image/612/612/kkyc9zk0/computer/j/z/b/na-2-in-1-laptop-asus-original-imagy6zh6zq2npfx.jpeg?q=70
ASUS Celeron Dual Core - (4 GB/128 GB SSD/Windows 11 Ho...,4.3,4,₹24990,https://rukminim1.flixcart.com/image/612/612/l23mhzk0/computer/e/6/4/br1100cka-gj0722w-laptop-asus-original-imagdgsbfwfbzdmw.jpeg?q=70
APPLE 2020 Macbook Air M1 - (8 GB/256 GB SSD/Mac OS Big...,4.7,7,322,₹92900,https://rukminim1.flixcart.com/image/612/612/kp5sya80/screen-guard/tempered-glass/o/v/n/apple-macbook-air-m1-13-3-inch-lightwings-original-imag3gh5xftgbpg3.jpeg?q=70
HP Ryzen 7 Octa Core 5700U - (8 GB/512 GB SSD/Windows 1...,4.4,66,₹55490,https://rukminim1.flixcart.com/image/612/612/knni7ww0/computer/b/w/p/14s-fr0012au-thin-and-light-laptop-hp-original-imag2ad5ppxmujd6.jpeg?q=70
DELL Inspiron Core i5 11th Gen - (8 GB/512 GB SSD/Windo...,4.1,45,₹60490,https://rukminim1.flixcart.com/image/612/612/krdtlzk0/computer/l/k/r/na-laptop-dell-original-imag57f9psmfjcxs.jpeg?q=70
Lenovo IdeaPad Core i3 10th Gen - (4 GB/256 GB SSD/Wind...,4.2,23,₹31490,https://rukminim1.flixcart.com/image/612/612/ku4ezrk0/computer/h/x/8/14iil05-thin-and-light-laptop-lenovo-original-imag7anttggbgmzm.jpeg?q=70
HP Pavilion x360 Core i3 11th Gen - (8 GB/512 GB SSD/Wi...,4.5,73,₹52999,https://rukminim1.flixcart.com/image/612/612/ktketu80/computer/r/f/r/14-dy0050tu-thin-and-light-laptop-hp-original-imag6w29bs32mq2j.jpeg?q=70
realme Book(Slim) Intel Evo Core i5 11th Gen - (8 GB/51...,4.4,3,941,₹54990,https://rukminim1.flixcart.com/image/612/612/ksez24w0/computer/h/8/9/rmnb1001-thin-and-light-laptop-realme-original-imag5zhgcstmjbxg.jpeg?q=70
acer Aspire 3 Core i3 11th Gen - (8 GB/256 GB SSD/Windo...,4.1,81,₹33490,https://rukminim1.flixcart.com/image/612/612/kybvo280/computer/z/i/b/-original-imagah7x7pezegh7.jpeg?q=70
APPLE 2020 Macbook Air M1 - (8 GB/256 GB SSD/Mac OS Big...,4.7,7,322,₹92900,https://rukminim1.flixcart.com/image/612/612/kruyw7k0/computer/v/x/v/na-thin-and-light-laptop-apple-original-imag5jt7u9fzenqb.jpeg?q=70
APPLE MacBook Air M1 - (8 GB/512 GB SSD/Mac OS Big Sur)...,4.7,7,322,₹99990,https://rukminim1.flixcart.com/image/612/612/kp5sya80/screen-guard/tempered-glass/o/v/n/apple-macbook-air-m1-13-3-inch-lightwings-original-imag3gh5xftgbpg3.jpeg?q=70
ASUS VivoBook Ultra K15 OLED Core i3 11th Gen - (8 GB/1...,4.1,7,₹46990,https://rukminim1.flixcart.com/image/612/612/l2dmky80/computer/l/c/g/-original-imagdqdyewdfx452.jpeg?q=70
DELL Vostro Core i3 11th Gen - (4 GB/1 TB HDD/256 GB SS...,3.9,209,₹37590,https://rukminim1.flixcart.com/image/612/612/ksyz8280/computer/b/7/0/na-thin-and-light-laptop-dell-original-imag6f5zes6jhdzk.jpeg?q=70
Lenovo IdeaPad 3 Ryzen 5 Hexa Core 5500U - (8 GB/512 GB...,4.3,445,₹47490,https://rukminim1.flixcart.com/image/612/612/keaaavk0/computer/x/m/y/lenovo-na-laptop-original-imafuzt8r5jqppfn.jpeg?q=70
ASUS VivoBook 15 (2022) Core i3 10th Gen - (4 GB/512 GB...,4.3,336,₹33990,https://rukminim1.flixcart.com/image/612/612/kp2y2kw0/computer/y/0/c/na-thin-and-light-laptop-asus-original-imag3ebnzawky4kn.jpeg?q=70
Infinix INBook X1 Core i5 10th Gen - (8 GB/512 GB SSD/W...,4.1,821,₹39990,https://rukminim1.flixcart.com/image/612/612/kw3v0cw0/computer/j/q/f/inbook-x1-thin-and-light-laptop-infinix-original-imag8vfssyyfzvku.jpeg?q=70
HP Pavilion Ryzen 5 Hexa Core 5500U - (8 GB/512 GB SSD/...,4.4,415,₹52990,https://rukminim1.flixcart.com/image/612/612/ksru0sw0/computer/m/4/g/na-thin-and-light-laptop-hp-original-imag69rnjkctnzhy.jpeg?q=70
DELL Vostro Core i3 10th Gen - (8 GB/256 GB SSD/Windows...,4.3,1,348,₹36090,https://rukminim1.flixcart.com/image/612/612/kn7sdjk0/computer/l/w/f/na-notebook-dell-original-imagfy6ah6k6jqdh.jpeg?q=70
ASUS VivoBook 15 (2022) Core i5 11th Gen - (8 GB/1 TB H...,4.3,1,529,₹47990,https://rukminim1.flixcart.com/image/612/612/kp2y2kw0/computer/y/0/c/na-thin-and-light-laptop-asus-original-imag3ebnzawky4kn.jpeg?q=70
acer Aspire 3 Ryzen 5 Quad Core 3500U - (8 GB/512 GB SS...,4.1,18,₹41990,https://rukminim1.flixcart.com/image/612/612/ktketu80/computer/n/r/0/a315-23-laptop-acer-original-imag6w27yw7bmdz5.jpeg?q=70
ASUS ZenBook Core i7 11th Gen - (16 GB/512 GB SSD/Windo...,0,0,₹84990,https://rukminim1.flixcart.com/image/612/612/ktop5e80/computer/j/i/a/na-thin-and-light-laptop-asus-original-imag6ywmdzm8euep.jpeg?q=70
DELL Vostro Core i5 11th Gen - (8 GB/1 TB HDD/256 GB SS...,3.8,391,₹55190,https://rukminim1.flixcart.com/image/612/612/ku5ufm80/computer/w/a/9/na-thin-and-light-laptop-dell-original-imag7cstqdg5hgzg.jpeg?q=70
Exotic Women Casual Black, Beige Artificial Leather Wal...,4.2,690,₹350,https://rukminim1.flixcart.com/image/612/612/kbtp0280/wallet-card-wallet/u/5/z/ext-blck-109-trendy-wallet-exotic-original-imaft2zajbevr8ft.jpeg?q=70
Lenovo IdeaPad 3 Core i3 11th Gen - (8 GB/256 GB SSD/Wi...,4.2,70,₹36990,https://rukminim1.flixcart.com/image/612/612/keaaavk0/computer/c/q/t/lenovo-na-thin-and-light-laptop-original-imafuzt873zgp9xe.jpeg?q=70
ASUS VivoBook K15 OLED (2021) Core i5 11th Gen - (16 GB...,4.3,383,₹63990,https://rukminim1.flixcart.com/image/612/612/l13whow0/computer/o/s/h/-original-imagcqvpmys2cmg3.jpeg?q=70
HP Athlon Dual Core - (8 GB/1 TB HDD/Windows 11 Home) 2...,0,0,₹29999,https://rukminim1.flixcart.com/image/612/612/l0jwbrk0/computer/e/k/r/240-g8-laptop-hp-original-imagcbgcgnqwenzx.jpeg?q=70
ASUS Pentium Quad Core - (4 GB/1 TB HDD/Windows 10 Home...,3.7,4,953,₹24990,https://rukminim1.flixcart.com/image/612/612/k9d3p8w0/computer/c/a/h/asus-na-laptop-original-imafr6cbfurgkspg.jpeg?q=70
Lenovo ThinkPad E15 Core i5 11th Gen - (8 GB/512 GB SSD...,4.3,32,₹63990,https://rukminim1.flixcart.com/image/612/612/kngd0nk0/computer/k/q/5/na-laptop-lenovo-original-imag24kvhrgqvjut.jpeg?q=70
HP Celeron Dual Core - (8 GB/256 GB SSD/Windows 11 Home...,3.9,123,₹30999,https://rukminim1.flixcart.com/image/612/612/kyrlifk0/computer/i/5/f/14s-dq3032tu-thin-and-light-laptop-hp-original-imagaxgehrzh4jmw.jpeg?q=70
DELL Ryzen 3 Dual Core 3250U - (8 GB/512 GB SSD/Windows...,4,10,₹40490,https://rukminim1.flixcart.com/image/612/612/l0bbonk0/computer/e/h/g/inspiron-3515-thin-and-light-laptop-dell-original-imagc4khfybjef5s.jpeg?q=70
DELL Vostro Ryzen 3 Dual Core R3-3250U - (8 GB/1 TB HDD...,3.9,215,₹36090,https://rukminim1.flixcart.com/image/612/612/l44hyfk0/computer/u/8/s/-original-imagf35ee3xwgkzv.jpeg?q=70
aarnav fashion Women Multicolor Hand-held Bag,3.7,2,510,₹289,https://rukminim1.flixcart.com/image/612/612/kctf0cw0/hand-messenger-bag/z/e/z/multicolour-barbie-print-handbag-22-multicolour-barbie-print-original-imaftuzzazdmb8vu.jpeg?q=70
HP Pavilion Core i5 11th Gen - (8 GB/512 GB SSD/Windows...,4.3,121,₹58999,https://rukminim1.flixcart.com/image/612/612/kyvvtzk0/computer/2/7/l/-original-imagbygbzq27x6sy.jpeg?q=70
DELL Inspiron Core i5 11th Gen - (16 GB/512 GB SSD/Wind...,4.7,7,₹64790,https://rukminim1.flixcart.com/image/612/612/l44hyfk0/computer/p/f/p/-original-imagf35eyhdzxhgr.jpeg?q=70
ASUS Chromebook Celeron Dual Core - (4 GB/64 GB EMMC St...,4,626,₹23999,https://rukminim1.flixcart.com/image/612/612/l2jcccw0/computer/s/d/u/-original-imagdv4f66jmsqfv.jpeg?q=70
DELL Inspiron Core i5 11th Gen - (16 GB/512 GB SSD/Wind...,4.7,7,₹64790,https://rukminim1.flixcart.com/image/612/612/l44hyfk0/computer/p/f/p/-original-imagf35eyhdzxhgr.jpeg?q=70
APPLE 2020 Macbook Pro M1 - (8 GB/256 GB SSD/Mac OS Big...,4.7,709,₹107990,https://rukminim1.flixcart.com/image/612/612/kqjtd3k0/screen-guard/screen-guard/g/s/0/apple-macbook-pro-m1-somtone-original-imag4jhqaxbprrgx.jpeg?q=70
DELL Inspiron Core i5 11th Gen - (16 GB/512 GB SSD/Wind...,4.3,25,₹73190,https://rukminim1.flixcart.com/image/612/612/kqb8pzk0/computer/d/j/c/na-2-in-1-laptop-dell-original-imag4dy68bwtg8j9.jpeg?q=70
ASUS VivoBook Pro 14 OLED (2022) Core i5 11th Gen - (16...,4,25,₹63990,https://rukminim1.flixcart.com/image/612/612/l3rmzrk0/computer/x/z/f/-original-imagetak6cqmxgf5.jpeg?q=70
DELL Vostro Ryzen 5 Quad Core R5-3450U - (8 GB/256 GB S...,4.5,26,₹39690,https://rukminim1.flixcart.com/image/612/612/krf91u80/computer/2/m/b/na-thin-and-light-laptop-dell-original-imag585xzyrystrc.jpeg?q=70
ASUS Vivobook S14 OLED (2022) Intel EVO Core i5 12th Ge...,4.4,20,₹74990,https://rukminim1.flixcart.com/image/612/612/l2urv680/computer/a/v/k/-original-image333jzhyzhyt.jpeg?q=70
ASUS VivoBook 15 Core i3 10th Gen - (4 GB/1 TB HDD/Wind...,3.7,4,362,₹28999,https://rukminim1.flixcart.com/image/612/612/kuvkcy80/computer/o/6/t/na-thin-and-light-laptop-asus-original-imag7wjdg4dvcdya.jpeg?q=70
ASUS Vivobook 15 K513 Core i5 11th Gen - (8 GB/1 TB HDD...,0,0,₹59990,https://rukminim1.flixcart.com/image/612/612/kx25ksw0/computer/q/9/h/vivobook-laptop-asus-original-imag9hvgydtyegrk.jpeg?q=70
DELL Inspiron Ryzen 5 Dual Core 3450U - (8 GB/512 GB SS...,4.8,4,₹46190,https://rukminim1.flixcart.com/image/612/612/l45xea80/computer/w/j/c/-original-imagf4htystubbsg.jpeg?q=70
acer Aspire 5 Core i5 11th Gen - (8 GB/1 TB HDD/256 GB ...,4,42,₹52990,https://rukminim1.flixcart.com/image/612/612/knhsgi80/computer/u/y/4/na-thin-and-light-laptop-acer-original-imag25zfahpqmyjm.jpeg?q=70
Sampushti,4.4,29,₹179,https://rukminim1.flixcart.com/image/612/612/kxtaxzk0/id-card-holder-tag/f/f/y/slide-in-5-8-9-1-id-card-combo-sampushti-graphics-original-imaga6v5vagws5ev.jpeg?q=70
Lenovo Thinkpad Ryzen 5 Hexa Core 5600U - (8 GB/512 GB ...,4.4,28,₹56990,https://rukminim1.flixcart.com/image/612/612/ktuewsw0/computer/3/u/j/e14-amd-gen-3-thin-and-light-laptop-lenovo-original-imag73utqsnfzf6f.jpeg?q=70
HP Core i3 11th Gen - (8 GB/1 TB HDD/Windows 11 Home) 2...,0,0,₹39990,https://rukminim1.flixcart.com/image/612/612/l0zm64w0/computer/2/a/h/255-g8-laptop-hp-original-imagcnk9gvmqvhaq.jpeg?q=70
Avita SATUS Celeron Dual Core - (4 GB/128 GB SSD/Window...,4,86,₹21990,https://rukminim1.flixcart.com/image/612/612/l2qhjm80/computer/q/9/e/-original-imageye8tzbey747.jpeg?q=70
DELL Vostro Core i5 11th Gen - (8 GB/1 TB HDD/Windows 1...,3.6,525,₹53290,https://rukminim1.flixcart.com/image/612/612/ksyz8280/computer/b/7/0/na-thin-and-light-laptop-dell-original-imag6f5zes6jhdzk.jpeg?q=70
ASUS VivoBook Flip 14 Core i3 11th Gen - (8 GB/512 GB S...,3.9,19,₹47990,https://rukminim1.flixcart.com/image/612/612/kkyc9zk0/computer/j/z/b/na-2-in-1-laptop-asus-original-imagy6zh6zq2npfx.jpeg?q=70
DELL Vostro Core i3 10th Gen - (8 GB/1 TB HDD/Windows 1...,4,1,960,₹38290,https://rukminim1.flixcart.com/image/612/612/ksyz8280/computer/b/7/0/na-thin-and-light-laptop-dell-original-imag6f5zes6jhdzk.jpeg?q=70
ASUS Chromebook Flip Celeron Dual Core - (4 GB/64 GB EM...,4.1,1,098,₹20999,https://rukminim1.flixcart.com/image/612/612/l2jcccw0/computer/q/t/6/-original-imagdv4ykwrjxbmh.jpeg?q=70
Avita Liber Core i7 10th Gen - (16 GB/1 TB SSD/Windows ...,3.9,222,₹51990,https://rukminim1.flixcart.com/image/612/612/kf4ajrk0/computer/j/t/d/avita-original-imafvng2b4qahht9.jpeg?q=70
HP 14s Core i5 10th Gen - (8 GB/512 GB SSD/Windows 10 H...,4.1,33,₹57990,https://rukminim1.flixcart.com/image/612/612/kb89ea80/computer/n/m/5/hp-na-thin-and-light-laptop-original-imafsmmghwzzu3mq.jpeg?q=70
acer Aspire 5 Ryzen 5 Hexa Core 5500U - (8 GB/512 GB SS...,0,0,₹51290,https://rukminim1.flixcart.com/image/612/612/kw9krrk0/computer/j/b/2/a515-45-thin-and-light-laptop-acer-original-imag8zcwh7uzqrc4.jpeg?q=70
ASUS VivoBook Ultra K14 (2021) Ryzen 5 Hexa Core 5500U ...,4.4,336,₹58990,https://rukminim1.flixcart.com/image/612/612/krayqa80/computer/l/o/d/na-thin-and-light-laptop-asus-original-imag54k7pc2tdath.jpeg?q=70
DELL Inspiron Core i3 11th Gen - (8 GB/1 TB HDD/Windows...,3.6,500,₹38490,https://rukminim1.flixcart.com/image/612/612/l44hyfk0/computer/v/h/r/-original-imagf35ecakxcshj.jpeg?q=70
ASUS Celeron Dual Core - (4 GB/128 GB SSD/Windows 11 Ho...,4.5,10,₹29990,https://rukminim1.flixcart.com/image/612/612/l23mhzk0/computer/6/k/5/br1100fka-bp1104w-laptop-asus-original-imagdgsgbzgax6eu.jpeg?q=70
Avita SATUS Celeron Dual Core - (4 GB/128 GB SSD/Window...,4,86,₹21990,https://rukminim1.flixcart.com/image/612/612/l2qhjm80/computer/c/0/9/-original-imageye8rzbh6ft5.jpeg?q=70
Avita SATUS Celeron Dual Core - (4 GB/128 GB SSD/Window...,4,86,₹21990,https://rukminim1.flixcart.com/image/612/612/l2qhjm80/computer/n/4/b/-original-imageye8x4yxvfmv.jpeg?q=70
AMERICAN TOURISTER ACE DAYPACK 03 - BLUE 20 L Backpack,3.8,2,522,₹549,https://rukminim1.flixcart.com/image/612/612/klv7ekw0/backpack/h/w/z/ace-daypack-03-blue-fk3-0-01-203-backpack-american-tourister-original-imagyw6wztgyszz6.jpeg?q=70
DELL Inspiron Ryzen 3 Dual Core 3250U - (8 GB/1 TB HDD/...,4.1,431,₹37890,https://rukminim1.flixcart.com/image/612/612/knm2s280/computer/m/p/g/inspiron-3501-notebook-dell-original-imag29azafkdgysg.jpeg?q=70
ASUS EX-A320M-GAMING Motherboard,4,203,₹4790,https://rukminim1.flixcart.com/image/612/612/k4x2du80/motherboard/d/7/4/asus-ex-a320m-gaming-original-imafnp9eckfwzuvh.jpeg?q=70
ASUS VivoBook Flip 14 Core i5 11th Gen - (8 GB/512 GB S...,0,0,₹62990,https://rukminim1.flixcart.com/image/612/612/l3t2fm80/computer/p/q/q/-original-imageuecysr3cuca.jpeg?q=70
APPLE 2020 Macbook Air M1 - (8 GB/512 GB SSD/Mac OS Big...,4.7,934,₹102990,https://rukminim1.flixcart.com/image/612/612/khdqnbk0/computer/f/y/t/apple-original-imafxfyqydgvrkzv.jpeg?q=70
ASUS Chromebook Celeron Dual Core - (4 GB/64 GB EMMC St...,4.1,722,₹22999,https://rukminim1.flixcart.com/image/612/612/l2jcccw0/computer/6/m/g/-original-imagdv4fkhthwyzb.jpeg?q=70
APPLE 2020 Macbook Pro M1 - (8 GB/256 GB SSD/Mac OS Big...,4.7,709,₹107990,https://rukminim1.flixcart.com/image/612/612/khdqnbk0/computer/5/2/3/apple-original-imafxfyqp4fbfuv3.jpeg?q=70
APPLE 2020 Macbook Air M1 - (8 GB/256 GB SSD/Mac OS Big...,4.7,7,322,₹92900,https://rukminim1.flixcart.com/image/612/612/khdqnbk0/computer/f/y/t/apple-original-imafxfyqydgvrkzv.jpeg?q=70
MSI PRO H410M-B Motherboard,0,0,₹5399,https://rukminim1.flixcart.com/image/612/612/l22724w0/motherboard/z/w/x/msi-pro-h410m-b-pro-h410m-b-msi-original-imagdhgavwgj243k.jpeg?q=70
Lenovo IdeaPad 5 Pro Core i5 11th Gen - (16 GB/512 GB S...,4.5,13,₹66990,https://rukminim1.flixcart.com/image/612/612/kydb3ww0/computer/0/e/a/ideapad-5-pro-14itl6-thin-and-light-laptop-lenovo-original-imagam67f3vxpjnp.jpeg?q=70
Lenovo Ideapad Slim 3i (2021) Core i5 11th Gen - (8 GB/...,4.3,430,₹55490,https://rukminim1.flixcart.com/image/612/612/kruyw7k0/computer/a/w/e/na-thin-and-light-laptop-lenovo-original-imag5k4qyjacgkuh.jpeg?q=70
ASUS Vivobook S14 OLED (2022) Intel EVO Core i5 12th Ge...,4.4,20,₹74990,https://rukminim1.flixcart.com/image/612/612/l2urv680/computer/h/a/y/-original-image333r3phuvgr.jpeg?q=70
Lenovo IdeaPad 1 Celeron Dual Core - (4 GB/256 GB SSD/W...,3.4,50,₹24490,https://rukminim1.flixcart.com/image/612/612/ku4ezrk0/computer/u/w/h/11igl05-thin-and-light-laptop-lenovo-original-imag7antefgkgfzb.jpeg?q=70
Lenovo IdeaPad 3 Chromebook Celeron Dual Core - (4 GB/6...,3.5,759,₹17490,https://rukminim1.flixcart.com/image/612/612/ksyz8280/computer/9/p/s/cb-11igl05-thin-and-light-laptop-lenovo-original-imag6fh843twh7fh.jpeg?q=70
